date,sleep_hours,energy_level,mood_score,exercise_minutes,interruptions,habits_planned,habits_completed,planned_task_hours,completed_task_hours,planned_study_hours,study_hours,planned_deep_work_hours,deep_work_hours,productivity_score
2023-01-02,7.7,8,6,0,5,5,5,7.5,6.75,1.25,1,4.5,3.25,72.1
2023-01-03,7,5,5,0,6,5,4,6.5,4.75,1.25,1,1.75,1.25,59.7
2023-01-04,6.2,3,6,45,6,6,1,9.25,2.25,1.5,0.5,2.75,0.5,32.9
2023-01-05,6.6,5,6,20,7,6,3,5.75,3,2,0.75,1.25,0.25,48.8
2023-01-06,7.8,7,6,15,2,5,4,6,5,2.25,2,2,1.5,68.8
2023-01-07,7.4,4,7,35,4,4,3,3.25,1.25,1,0.5,1,0.25,39.1
2023-01-08,7.5,6,6,65,5,4,1,5.25,2,0.5,0.25,2.5,0.25,37.6
2023-01-09,7.3,5,4,0,4,6,2,5.25,3.5,1.25,0.75,2.25,1.5,46.3
2023-01-10,6.4,3,4,0,7,5,2,6.5,2,3.5,0.5,0.5,0,27.3
2023-01-11,7.4,6,7,45,6,6,2,4.25,2,1,0.5,0.5,0.25,46.3
2023-01-12,7,5,5,25,6,5,2,7.25,3.25,2.5,1.25,3,0.75,49.7
2023-01-13,5.8,2,4,35,3,6,2,6.25,2.5,1.75,0.5,2.25,0.75,39.3
2023-01-14,8.9,8,8,45,3,4,2,2.75,2.75,0.25,0.25,0,0,50.6
2023-01-15,7.2,6,7,0,4,3,2,5,4,1.25,1,1.5,0.75,55
2023-01-16,5.8,4,7,5,5,5,4,5.25,3.5,0.75,0.5,0.75,0.5,45.6
2023-01-17,6.3,,8,0,8,6,6,8,7,2.25,2,0.5,0.25,63.4
2023-01-18,6.1,5,8,0,6,5,3,6,3.75,2.5,2,1,0.5,45.9
2023-01-19,7.2,6,8,40,5,6,2,9,5,3.75,2.5,4,1.75,64
2023-01-20,6.7,4,6,0,4,6,3,8,4.5,4,2.25,0.5,0.25,51.6
2023-01-21,7.4,7,7,130,7,3,2,3.75,3,0.5,0.25,1,0.75,54.6
2023-01-22,8.2,7,4,0,3,3,3,3.75,3.25,0.75,0.5,0.75,0.5,49.5
2023-01-23,7.3,6,5,10,9,5,3,7.75,5.75,0.5,0.25,3.25,2,52.6
2023-01-24,7.2,4,6,0,1,5,4,6.75,5,3.25,2.25,0.25,0.25,62.7
2023-01-25,7.5,6,6,10,7,5,4,6.75,5,1.5,1,1.5,0.75,62.5
2023-01-26,7.6,,3,20,7,5,4,8.75,5.75,2.5,1.75,3.75,2,59.6
2023-01-27,5.1,1,4,0,1,6,0,6,3.25,1.75,0.75,1.25,0.75,37.5
2023-01-28,7.2,4,6,15,3,3,0,3.5,2,1.5,0.75,1.25,0.5,48.7
2023-01-29,5.7,4,5,50,2,4,1,2.5,1.25,0.75,0.25,0.75,0.5,33
2023-01-30,7.1,3,6,90,5,6,4,8,5,4,2.5,1.5,0.75,56.4
2023-01-31,7.1,6,6,70,11,6,4,6.75,3.25,2.25,1,1,0.25,54
2023-02-01,8.1,6,8,20,4,6,4,6.5,5.5,1.75,1.5,3.25,2.75,65.5
2023-02-02,8.6,,10,30,3,5,5,4.75,4.5,0.75,0.75,2,2,81.6
2023-02-03,7.5,,6,70,6,6,6,5.75,4.5,1.75,1.25,2.25,1.25,66.3
2023-02-04,7.3,7,7,0,4,3,2,3,2,1.75,1.25,0.25,0.25,52.5
2023-02-05,8,6,6,20,5,3,2,2.5,1.5,0.5,0.25,0.25,0,39.4
2023-02-06,6.6,5,6,0,5,5,3,7,6,2.75,2.25,1.25,0.75,53.5
2023-02-07,7.3,7,8,90,5,6,5,8.25,7.25,0.5,0.5,2.5,2.25,68.1
2023-02-08,8.1,6,8,0,2,6,4,5.5,4.5,2,2,1.25,1.25,72
2023-02-09,6.5,6,3,0,2,6,5,6.75,4.5,1.25,0.75,2.75,1.75,62.1
2023-02-10,,4,5,0,10,6,2,7.25,1.75,5.25,1.75,0.75,0.25,36.5
2023-02-11,8.2,6,8,110,2,3,3,0.75,0.5,0,0,0.5,0.5,51.2
2023-02-12,6.9,7,7,65,2,4,4,2.75,2.5,1.5,1.25,1,1,53.7
2023-02-13,,7,4,0,4,5,3,8.25,6.75,0.5,0.5,2.5,1.75,58.3
2023-02-14,7.7,8,6,0,2,6,4,7.5,6.5,3,2.75,1,0.75,67.6
2023-02-15,7.2,5,5,30,3,5,4,9.25,4.5,4,1.75,1.75,0.75,56.4
2023-02-16,6.4,3,7,0,3,6,3,5,4,1.25,1,1.5,1,44.5
2023-02-17,6.3,4,6,0,5,5,3,7,4.25,2.5,1.25,1.5,0.75,45.4
2023-02-18,7.4,7,6,15,3,4,4,1,1,0,0,0.5,0.5,51.4
2023-02-19,8.3,7,5,70,3,3,1,4.5,4.25,1.25,1.25,1.25,1,58.3
2023-02-20,6.5,6,7,0,5,5,4,7.5,6.25,0.75,0.5,2.75,2.5,68
2023-02-21,7.7,5,7,15,2,6,4,5.5,4.25,1.25,1,2.25,1.75,72.3
2023-02-22,6.1,6,7,90,4,5,5,8,7.25,1.75,1.5,3.5,3,78.4
2023-02-23,7.1,5,6,35,10,5,4,8.5,3.25,3.75,1.75,2.5,1,53.5
2023-02-24,7.1,7,5,0,7,5,3,7.25,6.25,1.5,1.5,4.5,3.5,67.1
2023-02-25,9.7,9,8,25,6,3,2,2.75,2.25,0.25,0.25,0.75,0.5,38.8
2023-02-26,6.2,4,6,0,4,3,2,3.5,2,1,0.75,1,0.5,30.9
2023-02-27,8.1,6,3,0,10,6,2,7.75,5,4.75,2.5,0.5,0.25,39
2023-02-28,6.9,4,3,0,7,5,3,7,3.5,1.5,0.75,2.25,1,45.4
2023-03-01,7.5,4,8,0,3,5,3,3.5,2.5,1.25,1,0.75,0.5,52.5
2023-03-02,7,4,6,0,6,5,3,8.5,2.25,5,2.25,0.75,0.25,40.1
2023-03-03,7.5,5,4,20,5,6,5,7.25,3.75,5.75,3.75,0.75,0.5,53.9
2023-03-04,7.2,3,3,5,2,4,2,3.75,2.5,2.25,1.5,0.75,0.5,35
2023-03-05,8.7,7,6,0,,3,2,2,1.5,1.25,1,0.75,0.5,36.9
2023-03-06,6.4,,4,20,8,5,3,6,3.25,2.25,1.5,2.75,1.25,49.2
2023-03-07,8,6,6,0,2,5,4,6,4.75,4,2.5,0.25,0.25,59.5
2023-03-08,6.5,5,6,15,3,6,5,7.5,5.75,1.25,1,3.25,2.25,72
2023-03-09,7.2,6,6,10,5,6,6,9.25,7.25,5.75,4.25,1.25,1,69.2
2023-03-10,6.2,6,7,0,6,6,4,9,6.5,1.5,1,0.75,0.5,58.4
2023-03-11,8,6,9,80,4,3,2,2.75,2,2,1.5,0.25,0.25,54.7
2023-03-12,9.1,7,6,20,2,4,3,3.5,2.75,1,0.75,0.75,0.5,54.9
2023-03-13,7,5,5,25,4,5,1,8,5.75,1.5,1,5.25,4,58.6
2023-03-14,6.7,4,6,20,1,6,3,5.25,3.25,0.75,0.5,1.5,1,54.9
2023-03-15,5.7,1,6,0,6,6,1,7.75,1,1.75,0.25,2,0.25,22.8
2023-03-16,6.4,1,3,0,4,5,1,6,1.75,2.5,1,0.25,0,20.7
2023-03-17,5.3,2,6,0,2,6,3,7.5,3.75,1.75,0.5,1.5,0.5,38.6
2023-03-18,6.6,5,4,0,4,4,2,2.75,1.75,0.25,0.25,0.75,0.25,35.4
2023-03-19,7.8,5,7,80,1,3,2,5,3.75,1.75,1.5,1.75,1.25,57.4
2023-03-20,8.1,6,4,55,13,5,3,7.25,4,5.25,2.5,0.25,0,48.4
2023-03-21,9.5,6,6,45,3,5,5,3,2.5,0.5,0.25,1,0.75,55.1
2023-03-22,6.6,3,5,0,5,6,2,7.25,3.25,2.75,1.25,2.5,1,42.8
2023-03-23,8.3,5,6,0,7,5,4,7.75,6.5,0.75,0.5,1.25,1,55.8
2023-03-24,7.3,6,8,0,,5,4,7.5,6.25,2.5,1.75,2.75,2,63.7
2023-03-25,7.4,6,5,50,6,4,2,4,3.25,1.25,1,1,0.75,43
2023-03-26,7.9,4,3,35,4,3,3,4.25,2.25,1,0.5,1.25,0.5,43.9
2023-03-27,6.9,5,5,0,4,5,4,7.5,5.5,0.25,0.25,1.75,1,56.4
2023-03-28,6.8,5,5,25,8,6,3,7.5,4.25,3,1.75,1.25,0.5,44
2023-03-29,6.5,5,5,0,4,6,2,8.25,5.75,3,1.5,4,1.25,57.3
2023-03-30,5.5,2,4,0,3,6,2,7.5,3.5,3.5,1.5,1.75,0.5,34.2
2023-03-31,5.4,2,7,35,1,5,2,5.75,3,1.25,0.75,3.5,1.5,41.3
2023-04-01,8.1,5,6,0,3,3,2,3.25,2,1.5,1,1,0.5,44.1
2023-04-02,7.4,6,6,0,3,3,2,3.75,3.25,1,1,1,0.75,56.3
2023-04-03,6.6,6,5,0,2,6,3,8,7.25,4.25,4,2.25,2,63.5
2023-04-04,7.1,6,4,15,3,5,5,6.5,4.75,2,1.75,2.75,1.5,63.9
2023-04-05,7.7,6,7,50,5,5,2,8,6.25,5.25,4.5,2,1.5,65.9
2023-04-06,7.2,6,6,0,3,6,4,7.25,5,2.25,1.75,2.25,1.5,59.5
2023-04-07,6.1,3,3,65,10,6,3,8.75,2.25,2,0.5,4.75,0.75,27.6
2023-04-08,8.2,6,5,40,2,4,4,3.5,1.75,1.25,0.5,0.5,0.25,44.7
2023-04-09,8.4,5,4,0,6,3,2,6,2.75,1,0.5,1,0.25,38.1
2023-04-10,6.7,2,3,15,2,6,2,7.75,2,3,0.5,2.75,0.25,27.4
2023-04-11,7.4,2,,0,4,5,1,9,2,2,0.5,2,0.5,32
2023-04-12,7.6,6,5,0,5,6,3,4.75,3.25,1.25,0.75,2.5,1.5,47.4
2023-04-13,7.5,5,5,50,4,5,3,6.5,2.5,3,1.25,0.5,0.25,51.2
2023-04-14,7.4,3,3,0,9,6,1,8,3.75,2.75,2,0.75,0.25,33.7
2023-04-15,7.9,5,5,55,0,3,3,5,3.25,1.75,1,1,0.75,56.1
2023-04-16,8,7,6,35,2,4,4,5.75,4.75,3.25,2.25,0.25,0.25,65.4
2023-04-17,5.8,3,5,0,7,5,2,6.5,2.75,1.75,0.75,2,0.5,30
2023-04-18,7.4,5,5,0,4,6,3,8,2,2.75,0.75,1.5,0.25,43.6
2023-04-19,5.5,4,5,40,6,5,2,8.25,4.25,2.25,1.25,0.75,0.25,49.3
2023-04-20,6,2,4,0,5,5,2,6.5,2.25,0.75,0.25,0.25,0,24.7
2023-04-21,8.1,5,7,45,3,5,4,7.5,3.25,1,0.5,1.75,0.5,59.7
2023-04-22,8,5,6,0,3,4,2,0.25,0.25,0,0,0,0,26.3
2023-04-23,8.7,6,6,25,5,3,2,5,2.25,2.5,1,0.5,0.25,48
2023-04-24,6.6,5,6,0,4,5,2,8,5.25,1,0.75,3.5,1.5,53.1
2023-04-25,5.7,4,4,0,6,6,2,7,2.25,0.25,0,3.5,0.5,31.8
2023-04-26,6.3,4,5,25,4,5,4,7,3.25,2.75,1.25,2.5,1,46.9
2023-04-27,6.8,5,5,0,1,5,3,7.75,4.75,5.75,3.75,0.75,0.5,54.8
2023-04-28,6.7,4,3,0,4,6,4,6.75,2.25,2.75,0.75,2.5,1,36.1
2023-04-29,8.4,6,6,45,5,4,2,4.25,3.25,0.5,0.25,0.5,0.25,45.3
2023-04-30,7.1,5,6,0,1,4,2,0.5,0.25,0.25,0.25,0.25,0.25,32.5
2023-05-01,7.4,6,5,0,7,6,3,8.75,7,1.5,1.25,4,2.75,59.4
2023-05-02,6.2,,7,30,5,5,2,5.5,3,2.25,1.25,1,0.5,43.1
2023-05-03,7.3,6,4,0,6,5,2,6.5,4,3.75,2.5,1.5,0.75,50.6
2023-05-04,6.9,5,3,60,9,5,2,7.25,3,2.25,1,2.25,0.5,47.3
2023-05-05,6.3,4,4,0,4,6,2,9.5,6.25,6.5,3,1,0.25,52.5
2023-05-06,7.6,7,4,0,5,4,3,2.25,1.75,0.5,0.25,0,0,44.9
2023-05-07,7.8,7,7,0,1,3,3,2.25,2,1,1,0.75,0.75,69.5
2023-05-08,7.1,7,,10,2,6,5,6.25,5.25,2,1.5,2.5,2,66.9
2023-05-09,9.1,10,8,0,10,5,5,9.25,7.75,2.5,2.25,2.25,2.25,74.6
2023-05-10,7.1,5,8,50,2,5,3,3.25,2.5,0.5,0.5,1.75,1.25,54.4
2023-05-11,6.8,6,5,30,1,6,5,5.75,5.5,0.25,0.25,1.25,1.25,63
2023-05-12,5,3,4,0,,6,3,10.5,3,1.25,0.25,5.5,0.75,34.7
2023-05-13,6.6,5,6,25,0,4,0,2.5,1.75,1.25,0.75,0.5,0.25,37
2023-05-14,7,7,7,0,2,4,3,3.5,2.5,1.75,1.25,1,0.75,44.2
2023-05-15,6.2,3,2,30,8,6,1,7,1.5,1.75,0.5,1,0.25,27.9
2023-05-16,8,6,6,20,5,6,4,7,5.25,1.5,1.25,1.5,1,59.3
2023-05-17,6.4,3,2,70,3,5,2,8,2.5,2.25,1,0.5,0,39.9
2023-05-18,7.6,4,3,0,8,5,1,9.5,2.5,0.75,0,3,0.5,27
2023-05-19,6.7,4,6,40,,6,3,7.5,3,0.5,0.25,5.75,1,32.6
2023-05-20,7.5,6,9,,5,3,1,3,2.5,1,0.75,0.25,0.25,45.6
2023-05-21,7.8,7,6,0,4,3,3,1.5,1.25,0.5,0.5,0,0,50.3
2023-05-22,7.7,9,6,0,2,5,5,6,6,1.5,1.5,3.25,3,80.3
2023-05-23,9.2,8,7,0,2,5,5,5.75,5.25,1.5,1.5,2.75,2.75,76.7
2023-05-24,5.3,3,6,40,,6,3,4.75,3.75,1,0.75,1.25,1,49
2023-05-25,5.1,5,5,50,3,5,4,5,3.5,1,0.75,0.5,0.25,46.7
2023-05-26,6.5,5,4,0,7,5,3,5.75,2,3.25,1,0.5,0,37.1
2023-05-27,7.4,4,5,65,3,4,2,2.75,1.25,0.25,0.25,0.75,0.5,38
2023-05-28,8,5,6,10,4,3,0,2.75,1.5,0.5,0.25,1,0.5,34.3
2023-05-29,7.1,4,4,0,7,5,2,5.5,1.75,4,1.75,0.75,0,30.5
2023-05-30,6.4,5,5,90,6,5,3,3,1.75,1.5,0.75,0.25,0,43.4
2023-05-31,7.9,,5,0,2,6,3,5.75,4.25,1.5,1,2.75,2.25,63
2023-06-01,7.9,6,5,10,3,5,5,6.5,5.5,2.5,2.5,1.5,1.25,68.7
2023-06-02,7.2,5,5,45,5,6,3,6.25,4.75,1.75,1.5,1,0.75,48
2023-06-03,8.3,6,6,75,1,3,2,0.75,0.5,0.5,0.25,0,0,36.6
2023-06-04,7.4,4,5,0,3,4,0,5.5,3.5,1,0.75,0.5,0.25,32.3
2023-06-05,6,,4,0,4,5,0,8.25,3,1.25,0.5,4.25,1,23.9
2023-06-06,7.3,5,2,0,8,6,1,7,3.5,1.75,1,0.75,0.25,32.9
2023-06-07,7.1,6,7,45,6,5,3,7,4.5,4,3,1,0.5,64.8
2023-06-08,7,6,6,0,4,6,4,6,4.25,0.75,0.5,3.25,1.25,59.1
2023-06-09,8.5,6,4,0,6,5,3,7,4.75,3.5,2.5,0.25,0,49.5
2023-06-10,5.5,4,5,25,1,3,1,2.5,1.75,0.75,0.5,0.5,0.25,37.9
2023-06-11,6.2,3,4,0,4,3,1,5,3.25,1,0.75,1.5,1,38.7
2023-06-12,5.6,2,5,0,4,5,3,6.75,1.5,4,1.5,1,0,27.3
2023-06-13,6.3,2,4,0,2,5,3,5.75,1.75,1,0.25,2.75,0.5,38.8
2023-06-14,6.9,7,6,50,5,6,5,8.25,6.75,4,3.25,1,0.5,67.5
2023-06-15,5.6,4,5,0,6,5,2,7.5,4.5,4,2.25,1.25,0.5,43
2023-06-16,6.2,5,4,45,4,5,3,6.5,4.75,2.25,1.75,2.75,1.75,52.2
2023-06-17,6.7,6,7,0,5,4,3,4,2.25,3.25,1.75,0.5,0.25,43.1
2023-06-18,9.9,9,7,25,6,3,3,3.5,2.75,0.5,0.25,1,0.75,43.9
2023-06-19,8.8,5,5,15,2,5,4,5.75,4.5,1,1,2.25,1.75,54.2
2023-06-20,6.7,4,6,55,5,5,1,7,5.5,3,2.5,0.5,0.25,54.7
2023-06-21,6.7,5,7,0,4,5,3,6.25,4.25,3.5,1.75,1,0.5,54.3
2023-06-22,5.9,3,6,40,2,5,2,5.75,2.5,4,2,0.75,0.25,42.8
2023-06-23,5.3,2,7,0,2,5,3,5,2.25,3,1.25,1.75,0.5,36.4
2023-06-24,7.4,5,9,0,3,3,3,3.5,3,1.5,1,0.25,0.25,61.2
2023-06-25,6.4,3,5,75,2,4,4,2.25,1,1.25,0.5,0.5,0.25,35.3
2023-06-26,6.5,4,4,0,2,5,2,6,4,0.5,0.25,3,2.25,39.6
2023-06-27,5.2,2,2,0,9,6,2,10.25,2,1.75,0.25,0.75,0,13.3
2023-06-28,6.3,5,3,0,7,6,4,8.25,5.5,1,0.5,3,1.5,50
2023-06-29,7.2,6,8,30,,5,4,8.75,4,3,1.5,4,1.5,65.3
2023-06-30,7.3,6,5,0,4,5,4,8,6.25,3.25,1.75,2,1.75,65.6
2023-07-01,8,6,7,15,1,4,3,0.5,0.25,0,0,0.25,0.25,45.6
2023-07-02,6.7,8,9,90,3,4,4,3.25,3,1.5,1.5,0.75,0.75,67
2023-07-03,8,7,5,0,1,5,5,3.75,3.5,1,1,1,1,60.8
2023-07-04,6.4,3,4,15,4,6,3,6.5,3.75,2,1.25,0.25,0.25,52.7
2023-07-05,7.9,6,9,80,6,6,4,7.75,4.25,3,2.5,2.75,1.25,56.6
2023-07-06,7.3,5,6,0,7,5,5,7.25,6,2.25,1.5,2.5,1.5,64.6
2023-07-07,6.3,6,7,60,3,5,5,7.25,6,2.25,2.25,4,3.25,79.3
2023-07-08,7.8,7,6,35,1,4,4,6,5.25,0.5,0.5,4,4,83.9
2023-07-09,8.1,6,7,90,2,3,2,1.5,1.5,0.25,0.25,0.25,0.25,43.7
2023-07-10,7.4,8,8,0,3,6,4,8,7,0.75,0.5,4.25,3,66.3
2023-07-11,7.1,7,7,30,4,5,2,5.75,5,1,1,1.75,1.5,
2023-07-12,8.8,8,8,80,4,6,6,5.5,5.25,2.75,2.75,0.75,0.5,67.9
2023-07-13,,6,8,0,4,5,4,9,8.5,1.75,1.5,3,2.5,73.8
2023-07-14,7,5,8,0,,5,2,7.25,5,1.75,1,2.25,1.75,63.9
2023-07-15,8.7,7,8,35,0,3,3,3.25,3.25,1.25,1.25,0.5,0.5,70.3
2023-07-16,9.5,6,10,60,2,3,2,2.25,1.75,0.75,0.5,0.75,0.5,47.7
2023-07-17,8.7,4,5,30,7,6,2,6.25,5,1.5,1.25,2.25,1.5,49.8
2023-07-18,6,4,7,25,1,5,4,6,3.25,2.5,1.5,2.5,1.5,57.1
2023-07-19,6.2,4,5,20,2,6,5,5.25,3.75,2,1.75,1.25,1,58
2023-07-20,8.3,,7,40,8,6,6,5,3.25,2.5,1,0.5,0.25,59.6
2023-07-21,6,3,5,20,4,5,2,6.75,4.25,1.5,0.75,2.75,1.25,43.9
2023-07-22,6.4,4,7,60,1,4,1,5,3.5,1.25,0.5,1.75,1.5,57
2023-07-23,7.4,6,10,30,2,4,4,4,3.5,1.25,1,0.75,0.5,59.7
2023-07-24,7.6,7,8,45,4,6,5,7.5,5.25,1.5,1,2.5,1.25,70.7
2023-07-25,7.2,7,7,0,5,5,4,7.25,7,0.25,0.25,1.25,1.25,72.3
2023-07-26,6.3,5,5,80,1,6,5,6,4,2.5,1.75,1.25,1,64.4
2023-07-27,6.3,4,,0,6,6,2,6.75,1.25,4,1,0.75,0.25,28.8
2023-07-28,6.1,3,4,5,3,6,2,7.5,3.25,2.25,1,1.75,1,38.3
2023-07-29,6.4,4,6,0,3,3,2,2,1.25,0.5,0.25,0.75,0.5,36.5
2023-07-30,9.2,5,6,60,2,4,1,2.75,1.25,0.5,0.25,1.75,1,36.9
2023-07-31,6.8,3,4,15,3,5,1,8.5,1.75,4.75,1.5,0.5,0,30.8
2023-08-01,7.6,6,7,0,5,5,3,7,3.75,0.5,0.5,5.5,3,60.5
2023-08-02,6.2,4,7,0,2,5,3,8,5.25,4.25,2.25,1.5,1.25,49.8
2023-08-03,6.5,5,5,25,7,6,4,6.25,2.25,3.5,1.75,0.5,0.25,41.7
2023-08-04,6,5,6,15,2,6,4,4.75,3.5,1.5,1.25,2.25,1.5,43.3
2023-08-05,4.9,1,3,0,2,3,1,1.75,0.75,0.25,0,1,0.25,15.7
2023-08-06,6.3,4,6,50,1,4,2,3.75,2.25,1.75,1,1.5,1,49.6
2023-08-07,5.4,3,3,0,11,5,3,7.75,1,3.5,0.5,3.25,0.25,31
2023-08-08,5.2,3,5,50,5,5,4,7.5,4,2.75,1.75,0.5,0.25,51.7
2023-08-09,6.1,4,5,0,10,6,3,6.5,3.25,0.5,0.25,2.75,1.25,42.2
2023-08-10,8.2,5,,0,5,6,3,6,4,3.75,3.25,1,0.5,51.7
2023-08-11,6.9,5,7,30,3,6,5,7.75,5.5,2,1.5,3.75,3,64.9
2023-08-12,8.8,5,7,0,3,4,3,3.75,3,1.5,1.25,0.75,0.5,49.7
2023-08-13,8,6,6,25,4,3,2,4,3.25,0.25,0.25,1.75,1.25,54.3
2023-08-14,7.6,5,,0,7,6,3,8.5,4,0.75,0.25,1.75,0.25,30.7
2023-08-15,6.1,3,4,0,7,5,1,5.75,3,0.5,0.25,3.5,1.25,34.7
2023-08-16,7.4,6,4,0,5,6,3,6.25,5.5,2.75,2.25,0,0,53.7
2023-08-17,8.1,7,7,55,2,5,5,9.25,7.5,5.25,3.25,1.25,1,88.7
2023-08-18,7.2,8,9,0,3,5,4,8.25,7.75,0.5,0.5,1.5,1.25,76.6
2023-08-19,8.5,10,5,0,2,3,3,3.75,3.75,1.25,1.25,1,1,63.4
2023-08-20,8.4,7,6,40,3,4,3,3.75,3,2.25,1.75,0.25,0.25,57.8
2023-08-21,6.4,5,6,0,12,5,3,7.25,4,0.25,0.25,1,0.25,39.4
2023-08-22,5.8,2,4,0,3,6,2,3.5,2,2,1.25,0.25,0,30.3
2023-08-23,5.9,2,4,0,4,6,5,5.75,1.25,1.25,0.25,2.25,0.5,29.4
2023-08-24,7.2,8,9,0,1,5,5,7,6.5,4.5,4.25,1.25,1.25,79.9
2023-08-25,7.3,5,6,20,6,6,5,6.5,3.75,1.5,1,2,0.75,50.5
2023-08-26,6.8,4,,0,1,3,0,2.75,1.75,1,0.75,0.5,0.25,34.7
2023-08-27,7.1,4,,40,4,3,1,5,2,1.5,0.5,2.5,0.75,39.3
2023-08-28,7.1,4,5,0,4,6,3,6.5,3.75,1.25,0.75,1.75,1,40.8
2023-08-29,7,3,5,0,7,5,0,5.75,1.75,1,0.25,3,0.25,23.2
2023-08-30,,4,7,0,5,5,3,7.5,3.5,2,1,1.5,0.5,47.2
2023-08-31,7.6,6,3,15,6,5,3,6.5,2.75,2.5,0.75,2,0.75,40.6
2023-09-01,5.6,1,4,0,4,6,3,6.75,1.25,3.75,0.75,0.75,0.25,32.7
2023-09-02,8.4,3,4,0,3,3,0,4,1,1,0,2,0.25,20.6
2023-09-03,6.3,3,3,25,5,3,3,7.25,1.25,4.25,1,1.5,0,22
2023-09-04,7.7,6,7,60,2,6,4,4,2.75,2.5,2,1,0.75,52.9
2023-09-05,6.6,,5,10,4,5,4,6.5,3.25,2.5,1,0.75,0.25,38.9
2023-09-06,6.1,1,6,0,3,6,1,7,2.5,2.25,0.75,1.25,0.5,27.5
2023-09-07,5.3,2,6,0,4,5,1,6,2.5,2.5,1.25,0.75,0.25,33
2023-09-08,7.3,7,8,0,5,6,4,8.25,7.5,1,0.75,0.75,0.5,62.3
2023-09-09,6.3,6,5,20,1,4,3,2,1.5,0.25,0.25,0.25,0.25,44.5
2023-09-10,8.5,5,5,0,4,3,2,2.25,1.5,0.5,0.5,0.75,0.5,45.2
2023-09-11,8.5,6,6,45,3,5,4,6.75,5,1.75,1.5,1.5,1,60
2023-09-12,6.7,7,9,60,2,6,4,6.75,6,2.75,2.5,1.5,1.5,80.3
2023-09-13,7.4,3,5,45,3,6,3,6.75,4.5,1.75,1,1.25,0.75,48.7
2023-09-14,6.4,6,,50,,5,5,7,6,4.75,4.25,0.5,0.25,65.3
2023-09-15,6.6,4,4,0,2,6,2,6.75,5,0.75,0.75,2.75,2.5,
2023-09-16,8.5,7,10,15,2,3,3,2.5,2.5,1,0.75,0.25,0.25,60.6
2023-09-17,7.7,6,6,0,1,4,4,0.5,0.5,0.25,0.25,0,0,39.2
2023-09-18,8.6,7,7,0,6,6,6,5.5,4.25,3,2,0.25,0.25,65.5
2023-09-19,6.4,5,4,0,3,6,5,5.75,4.25,4,2.75,0.5,0.25,45.6
2023-09-20,7.7,3,6,0,3,6,3,4.75,2.5,0.75,0.25,2,0.5,47.3
2023-09-21,6.9,4,3,0,,5,2,8.25,3.25,0.5,0.25,5.5,1.25,44.5
2023-09-22,7.6,6,5,60,4,6,6,7.25,6,1.75,1.5,3,2.25,68.8
2023-09-23,7,5,4,5,6,4,3,2.75,1.25,1,0.5,1,0.25,36.3
2023-09-24,7.5,6,6,0,4,4,2,4.25,3,0.75,0.5,0.25,0.25,52.9
2023-09-25,7,7,6,0,1,6,4,9.25,7.75,2.25,2,2,1.75,80.3
2023-09-26,6.4,6,8,0,4,6,4,6.25,4.5,1.5,1,0.75,0.5,56.6
2023-09-27,7.8,6,8,90,4,6,4,7.25,4,4,2.25,1,0.5,65.4
2023-09-28,7.7,4,5,0,5,6,5,8,5,1,0.5,0.25,0.25,51.5
2023-09-29,7.6,6,7,10,7,6,3,5.75,4.5,1,0.75,1,0.5,48
2023-09-30,,6,6,50,5,3,3,0.25,0.25,0,0,0,0,39.4
2023-10-01,8.9,5,5,0,1,3,3,2.25,1.25,0.75,0.5,0.75,0.5,44.7
2023-10-02,6.7,6,7,0,4,5,4,10.75,8.75,5.75,4,2.5,1.75,64.3
2023-10-03,7.7,8,5,50,3,5,5,7.5,7,2.25,2,1,0.75,78.3
2023-10-04,7,7,8,10,4,5,5,9,7.75,2,1.5,4.75,3.5,82.9
2023-10-05,7.6,4,6,30,1,5,3,8.5,8.25,1,1,5.5,4.5,75
2023-10-06,6.8,5,6,35,1,5,4,7.5,6.25,2.5,1.75,4,4,71.2
2023-10-07,9.1,8,9,40,1,4,4,4.5,4.25,1,0.75,2.5,2.5,70.8
2023-10-08,8.2,6,6,,1,3,2,3.75,3,0.75,0.5,1,0.5,60.7
2023-10-09,7,4,6,0,7,6,3,5,3.5,1,0.75,1.25,0.75,48.6
2023-10-10,8.4,8,8,85,4,5,3,9,8.75,1.5,1.5,1,1,79.2
2023-10-11,5,2,5,0,5,5,1,7.25,1.25,1.25,0.25,3.5,0.5,17.8
2023-10-12,5.3,4,5,0,4,6,2,3.5,2.25,0.75,0.5,1,0.75,34.9
2023-10-13,7.9,7,6,25,1,6,5,6.5,5.5,1.5,1.25,4,4,76
2023-10-14,7.6,6,9,90,2,4,3,3.75,2.75,0.75,0.75,0.75,0.5,52.3
2023-10-15,7.7,6,7,70,4,4,3,4.75,3.5,2.25,1.75,1,0.75,58.1
2023-10-16,5.7,4,4,20,8,6,4,8,5.5,2.5,1.75,1.75,1.25,48.2
2023-10-17,6.9,8,5,0,3,6,6,6,5,0.75,0.75,2,1.5,64.8
2023-10-18,8.7,7,,15,3,5,3,5.25,3.75,0.75,0.5,3.5,2.5,58.7
2023-10-19,7.7,4,6,0,3,6,2,7,5.25,1.25,0.75,1,0.5,50.9
2023-10-20,7,6,7,25,4,6,5,7,4,6.5,3.5,0.25,0.25,56.6
2023-10-21,7.1,7,7,0,2,3,3,3.5,3,0.75,0.75,1,1,53.5
2023-10-22,7.5,8,5,25,1,3,2,0.25,0.25,0,0,0,0,42.1
2023-10-23,4.8,1,5,0,5,6,1,6,1.5,0.25,0,1.5,0.25,19.1
2023-10-24,7,6,7,0,6,5,3,7.5,4.5,1.75,1.25,2.75,0.75,55.6
2023-10-25,7.6,6,6,0,5,6,2,7,5,4.25,3.25,0.75,0.5,53.6
2023-10-26,5.5,6,8,0,4,5,4,5,3,1,0.5,2.5,1.25,48.2
2023-10-27,6.3,3,3,0,7,5,2,5.25,2.5,3,1.5,0.25,0,30.1
2023-10-28,6.1,2,5,0,3,3,1,3,0.75,0.5,0.25,0,0,19.9
2023-10-29,6.4,4,4,0,3,4,1,5.75,3.5,1.75,1,1.25,0.5,38.6
2023-10-30,7.1,,7,25,6,5,4,7.75,5.25,2.5,1.75,2,1.25,64.2
2023-10-31,4.9,1,5,15,3,6,3,4.75,1.75,1,0.25,0.5,0.25,34.4
2023-11-01,7.5,3,8,40,1,6,5,3,2.25,1,0.75,1.25,1,53.4
2023-11-02,7.6,5,6,0,6,5,4,8,5,3.75,2.5,2.5,1.25,60.9
2023-11-03,6.7,5,5,40,4,6,4,6.75,5.25,3.5,2.25,0.5,0.25,57.5
2023-11-04,,1,4,45,3,3,2,0.75,0.25,0.5,0,0,0,16.4
2023-11-05,6.4,6,5,0,2,4,3,2.75,1.75,0.75,0.5,0.5,0.25,36.8
2023-11-06,8.1,6,5,30,6,5,4,7.5,5,3.5,2.25,2,1,59.6
2023-11-07,4.6,3,7,0,2,5,3,8,4.5,1.75,1.25,0.75,0.25,49
2023-11-08,7.1,7,8,15,3,6,5,6.5,6,4.25,4,0.5,0.5,76.1
2023-11-09,6.5,7,5,0,4,6,5,6.5,5.25,1,1,1,1,62.4
2023-11-10,8.2,8,7,35,7,6,5,7,6,3,2.5,1.5,1.25,71.2
2023-11-11,7.7,9,8,20,3,4,4,2,2,0.5,0.5,0.25,0.25,60
2023-11-12,8.6,8,7,50,4,3,3,2.75,2.25,0.5,0.5,1,0.75,63.1
2023-11-13,8.2,8,8,45,5,5,4,8.25,7.75,1,1,3.75,3.5,82.9
2023-11-14,9.1,8,9,20,2,5,4,6.5,6.5,3.25,3,2.5,2.25,76.2
2023-11-15,7.2,6,7,0,5,6,5,5.25,5,0.75,0.75,1.25,1.25,52.5
2023-11-16,7.5,7,9,65,4,5,5,9.5,7.25,5,4.75,2.25,1.75,84.1
2023-11-17,6,7,6,40,2,5,4,6.25,4.75,3,2.5,2.25,1.75,66.1
2023-11-18,8.7,6,6,0,1,3,2,2.75,2.25,1,0.75,0.25,0.25,44.1
2023-11-19,7.1,6,5,30,4,3,2,3.5,2.75,2.25,2,0.25,0.25,49
2023-11-20,6.6,7,7,30,3,5,5,7,6,3.5,2.5,2.25,1.75,73
2023-11-21,7.3,8,8,35,1,5,5,6.5,6,0.5,0.5,3,2.5,78.4
2023-11-22,6,,8,10,2,5,5,7,6,2.5,2.25,1.25,0.75,72.4
2023-11-23,7.8,,8,30,3,6,6,7,6.25,3.25,3,0.5,0.5,79.2
2023-11-24,,8,8,30,4,5,5,7.25,6.75,1.75,1.75,1.75,1.75,77.7
2023-11-25,8.1,4,5,,3,3,3,2,1.5,0.5,0.25,0.25,0.25,46.4
2023-11-26,6.3,7,6,70,1,4,4,3,2,1.25,1,1,0.5,57.9
2023-11-27,6.8,5,6,0,8,5,4,6.75,4.25,2,1.25,2.25,0.75,47.8
2023-11-28,7.5,6,7,0,4,5,0,7.75,5.25,1.75,1.5,2,1.25,46.3
2023-11-29,5.5,2,6,,2,5,3,5.25,2.25,0.75,0.25,2,0.75,51
2023-11-30,6.3,3,4,20,3,5,4,6.5,3.5,4.25,2.25,0.25,0,53
2023-12-01,7.8,6,8,0,4,6,4,6.25,5.25,1.75,1.25,2.25,1.75,60.5
2023-12-02,7.7,6,7,40,3,3,2,3,2.25,1.25,1,0.5,0.25,42.3
2023-12-03,7.9,5,6,0,4,3,3,2.75,2,0.75,0.5,1.25,1,47.6
2023-12-04,8.4,5,4,40,2,5,3,8,5,4,2.25,1.5,1,52.3
2023-12-05,7.1,8,6,10,5,5,4,6.25,6,1.75,1.25,2,1.75,62.9
2023-12-06,7.4,6,6,40,6,6,4,6.5,4,3.5,1.75,2.25,0.5,45.5
2023-12-07,9.5,7,6,0,6,5,5,6.75,6.25,2.5,2.5,0.25,0.25,56.1
2023-12-08,6.9,7,6,45,2,6,5,8.75,8.75,0.5,0.5,0.75,0.75,69.3
2023-12-09,6.6,6,5,25,6,4,3,1.25,0.75,0.25,0.25,0.25,0.25,35.1
2023-12-10,7.8,5,5,55,1,4,3,1.5,0.75,0.5,0.25,0,0,39.4
2023-12-11,7.3,3,7,0,4,6,3,4.5,2.5,1.25,1,0.75,0.25,41.5
2023-12-12,6.5,4,7,50,2,6,5,5.5,3.75,2.75,2.5,0.25,0.25,64.3
2023-12-13,6.3,6,6,0,2,6,5,6,3.25,3,2.25,0.5,0.25,55.9
2023-12-14,8.9,5,4,45,2,6,5,5,2.5,1.75,1,2,0.75,46.4
2023-12-15,7.1,5,6,15,3,5,3,6,4,1.5,1.25,0.75,0.5,44
2023-12-16,6.9,4,5,20,3,3,2,3.75,2.25,0.5,0.5,1.75,0.75,42.6
2023-12-17,8.1,7,5,0,3,3,1,2.75,1.75,0.5,0.25,1.75,1,34.7
2023-12-18,6.9,6,5,10,3,6,4,8.5,7,1.75,1.25,2.5,1.75,66.3
2023-12-19,6.8,6,5,30,3,6,2,7.5,5.25,1.75,1.5,0.5,0.25,55.1
2023-12-20,7.7,7,6,0,4,5,5,7.25,6.25,2,1.5,2.75,1.75,74.4
2023-12-21,5.9,4,6,50,3,5,2,5.75,3,0.75,0.25,0.75,0.25,51
2023-12-22,7.5,7,10,15,0,5,4,5,4.75,1.75,1.5,1,1,67.4
2023-12-23,9.7,5,7,50,4,4,3,5.75,3.25,0.5,0.25,4,1.75,50
2023-12-24,8.3,5,5,30,3,4,3,3.25,2.25,0.5,0.25,0.25,0.25,54
2023-12-25,7,6,5,40,,6,3,8.25,6.25,2.25,1.25,2.5,1.75,65.5
2023-12-26,6.8,6,7,0,5,5,3,8.25,6,1.25,1,2.25,1.5,65.3
2023-12-27,6.7,7,5,0,7,5,4,7.75,6.25,0.75,0.5,2.5,2,65.7
2023-12-28,6.8,7,8,0,2,5,4,6,5,3.75,3.75,0.5,0.5,70.9
2023-12-29,6.7,7,8,165,5,6,6,7,4.75,2.75,2,2.75,2,70.7
2023-12-30,8.5,5,3,0,4,4,2,4,3,0.75,0.5,1.25,0.75,48.7
2023-12-31,6.3,5,,0,2,4,3,2,1.5,1,0.75,0.5,0.25,43.2
2024-01-01,7.8,6,4,0,,5,4,9.75,6.25,4.5,2.75,0.5,0.25,55.6
2024-01-02,6.6,8,8,70,2,5,5,4.75,4,1.5,1.5,0,0,64.8
2024-01-03,7.6,8,5,0,3,6,4,6.75,4.25,3.75,2.75,1.75,1,69.6
2024-01-04,6,5,6,0,3,5,5,8.5,6.25,1.5,1.25,3,1.75,60.1
2024-01-05,8.1,5,4,0,2,6,4,5,2.75,1.5,0.75,0.25,0.25,38.8
2024-01-06,8.7,5,6,15,2,3,3,3,2.25,1.5,1,0.75,0.5,52.4
2024-01-07,8.6,7,7,0,2,3,2,2.5,2.25,0.5,0.5,1.25,1,47.9
2024-01-08,5.7,3,7,0,2,6,2,6.75,3,4.25,2,0.5,0.25,37
2024-01-09,8.1,7,7,0,5,5,4,5,4.5,1.25,1,2.25,2,70.6
2024-01-10,7.8,,5,0,6,5,5,7.75,7.25,2,1.5,3.75,3.5,77.7
2024-01-11,6,7,9,0,4,6,6,7.75,7,1.5,1.5,1.5,1.5,72.4
2024-01-12,7.5,7,7,35,6,5,5,7.75,7,2,1.75,3.75,3.25,64.4
2024-01-13,8.7,6,9,70,1,3,3,0.5,0.5,0,0,0.25,0.25,58.8
2024-01-14,8.7,8,7,25,2,4,4,1.25,1.25,0.5,0.5,0.5,0.5,60.4
2024-01-15,7.3,5,5,0,8,5,4,5.75,3,2.5,1.25,2.25,0.75,49.3
2024-01-16,7.7,7,6,35,5,5,4,6.5,5.75,1.5,1.25,0.75,0.5,69.1
2024-01-17,8.6,7,6,0,,5,4,9.75,6.75,6.25,4.5,0.75,0.25,64.2
2024-01-18,8.3,6,7,0,4,5,5,7,6,2.75,2,3.25,2.5,68.8
2024-01-19,4.8,3,5,0,2,5,4,5.5,4.75,0.25,0.25,1.75,1.25,41.9
2024-01-20,7.3,4,5,0,2,4,2,1.5,1.25,0.5,0.5,0.5,0.25,
2024-01-21,7.3,5,6,0,1,3,2,2.25,1.5,1.5,1,0.25,0.25,44
2024-01-22,5,1,3,15,5,5,1,5.5,1,1,0.25,0.75,0,12
2024-01-23,6.6,3,3,0,2,5,2,5.75,3,0.5,0.25,3,1.25,42
2024-01-24,7.8,3,5,0,4,5,0,6.5,3,4,2.25,1.25,0.5,33.6
2024-01-25,,4,5,0,4,6,3,8.25,2.25,2.75,0.5,2.25,0.75,32
2024-01-26,7.2,7,6,5,3,5,4,7.75,6,2.75,2.5,0.75,0.5,61.3
2024-01-27,6.5,4,6,45,2,3,2,1,0.5,0,0,0.25,0,29.4
2024-01-28,,1,4,0,1,3,0,3.5,1,1.5,0.5,0.5,0,17.5
2024-01-29,7.8,5,4,0,8,5,2,6.25,2.5,1.5,0.5,3.5,1,27.4
2024-01-30,6,1,2,0,3,5,1,7.25,0.25,2,0.25,3.75,0,17
2024-01-31,7.1,5,4,0,8,6,2,6.25,1.25,4.25,1,0.75,0,27.9
2024-02-01,5.2,1,5,0,1,6,0,6.75,1.75,1.5,0.75,0.5,0.25,31.2
2024-02-02,8.6,5,5,0,5,5,3,7.5,5.75,2.75,1.75,1.75,1.25,55.8
2024-02-03,8.2,6,5,0,2,4,2,3,3,1.25,1,0.75,0.75,45.9
2024-02-04,7.5,,5,0,3,3,2,1.5,1.25,0.75,0.5,0.25,0.25,51.5
2024-02-05,7.7,6,7,20,6,5,4,9,5.75,1.25,1,4.75,2.25,63.5
2024-02-06,5.7,4,5,45,4,6,3,6.75,3.75,1.75,0.75,1,0.5,46.9
2024-02-07,8,5,6,0,8,6,4,8.5,5.25,0.5,0.25,1,0.5,51.2
2024-02-08,6.7,6,7,45,6,5,5,7.75,4.5,2,1.25,3.25,1.25,64
2024-02-09,7,6,5,0,6,6,4,5,4.25,1.5,1.5,1.75,1.5,58.3
2024-02-10,7.2,5,7,30,3,3,2,0,0,0,0,0,0,29.8
2024-02-11,7.2,5,6,0,3,4,4,1.5,1.5,0.5,0.5,0,0,44.8
2024-02-12,7.7,4,6,45,2,6,5,6,4.25,1.75,1.25,1.25,0.75,59.2
2024-02-13,7.3,6,3,0,4,6,6,7,5.5,3.5,2.5,0.75,0.5,63.3
2024-02-14,7.8,6,5,0,6,6,4,7.75,6.5,1.75,1.5,1.5,1,64
2024-02-15,6.8,2,3,35,6,6,0,8.75,2.25,0.75,0.25,1.5,0.25,30.2
2024-02-16,7.1,4,4,0,4,6,4,7.5,2,1.5,0.75,2.75,0.75,36.3
2024-02-17,6.6,2,4,0,4,4,2,3.5,0.75,1.25,0.25,0.25,0,19.3
2024-02-18,8.7,5,4,0,2,3,3,4,1.75,0.75,0.25,1.75,0.75,31
2024-02-19,4.8,1,3,0,4,5,0,7,0.75,2.25,0,1.25,0,3.4
2024-02-20,7.6,3,3,0,6,5,1,7,3,1.75,0.75,1.5,0.5,30
2024-02-21,7.8,6,6,0,4,6,2,7.25,4,3.75,1.75,2.25,0.75,47.9
2024-02-22,5.9,4,7,0,2,5,3,9.75,4.75,3,1.5,1.5,0.75,50.6
2024-02-23,8.9,5,5,0,7,5,4,8.5,5.5,3.5,2.5,1.5,0.75,51.7
2024-02-24,8.7,6,6,55,0,4,2,0.5,0.5,0.25,0.25,0,0,41.6
2024-02-25,8.6,7,6,45,2,3,2,1.5,1.25,0.25,0.25,1,1,46.7
2024-02-26,7.4,4,6,0,2,6,3,6.25,5,1.75,1.5,1,0.75,58.4
2024-02-27,7.1,4,5,0,5,6,2,7,4,2.5,1.25,2,0.75,48.9
2024-02-28,,5,4,20,3,5,1,6,4.75,2,1.5,0.75,0.5,51.8
2024-02-29,7.3,7,5,,1,5,4,7.75,6.75,2.75,2.5,1,1,77.1
2024-03-01,8,5,6,0,5,5,4,7.5,3.25,0.75,0.25,0.75,0.25,47
2024-03-02,7.4,5,6,0,4,3,2,1,0.75,0.25,0.25,0.25,0.25,32.4
2024-03-03,6.4,5,7,25,0,3,1,0,0,0,0,0,0,24.4
2024-03-04,7.6,8,6,0,7,5,4,7.25,6.25,1,1,1.5,1.25,66.3
2024-03-05,8,6,5,,1,5,4,4.75,4,2.25,1.75,0.25,0.25,59.2
2024-03-06,7.5,5,5,30,6,5,3,7,4.25,3,1.5,1.5,0.75,53.6
2024-03-07,7.7,8,5,0,3,6,5,7.25,6.25,1.75,1.25,3.75,2.75,72
2024-03-08,6.6,3,4,80,3,6,5,8.25,2.5,2.75,0.75,2.25,0.75,47.4
2024-03-09,6.7,6,6,0,3,3,1,3.5,3,1,1,0.25,0.25,43.3
2024-03-10,6.7,4,6,50,3,4,3,2.5,1.25,0.75,0.5,0.5,0.25,39.3
2024-03-11,5.1,1,6,0,8,5,1,7.25,1.25,1,0,0.75,0,12.2
2024-03-12,7.1,5,6,15,1,5,3,5.25,3.25,1.75,1.25,0.5,0.25,54.5
2024-03-13,6.7,3,3,0,3,5,2,5.25,1.5,2.5,0.75,1.5,0.75,41.6
2024-03-14,6.3,3,4,0,6,5,0,8.5,2.5,3,1,1,0,22.5
2024-03-15,3.9,1,4,40,1,5,2,8.5,2.25,2.5,0.75,1.75,0.25,28.1
2024-03-16,6,4,4,0,3,3,2,0.75,0.25,0.25,0,0.5,0.25,22.9
2024-03-17,8.3,5,5,10,8,3,2,0.75,0.5,0.25,0.25,0,0,32.1
2024-03-18,6.1,4,3,0,5,5,4,8.25,3.25,4.5,2,2.25,0.75,38.6
2024-03-19,7.2,6,6,0,3,6,1,8,5.25,2.5,2,2.75,1.5,49.6
2024-03-20,5.7,2,5,0,4,6,3,5.75,3,1.75,1,2.5,0.5,32.5
2024-03-21,8.5,7,8,0,9,6,3,9.25,7.75,4.25,4.25,1.75,1,64.2
2024-03-22,7,,6,0,8,6,5,7.75,4.5,1.25,0.75,4.75,2,57.2
2024-03-23,7.7,8,7,10,3,4,2,3.5,3,0.75,0.75,0.5,0.5,51.8
2024-03-24,9.7,5,6,45,1,3,1,3.25,2.75,0.75,0.5,1.25,1,42.4
2024-03-25,8.3,6,6,40,2,5,3,7.25,5.5,4.25,3.25,1.25,1,68.2
2024-03-26,6.9,7,8,35,3,5,5,4.75,4,1.75,1.5,0,0,64.4
2024-03-27,6.7,7,5,0,2,5,5,8,7,2,1.75,1,0.75,71.1
2024-03-28,6.9,5,5,,6,6,4,5.75,4,1.25,1,2,1,66.9
2024-03-29,7.6,6,8,0,0,5,3,7.5,6,1.75,1.25,3.75,3.25,71.5
2024-03-30,8,8,7,40,2,4,4,2.5,2.25,0.25,0.25,1.75,1.75,64.2
2024-03-31,8,7,8,40,1,4,3,1.75,1.5,0.5,0.5,0.75,0.75,64
2024-04-01,8.9,7,7,0,0,5,4,6,5.5,2,1.75,1.5,1.25,73.2
2024-04-02,7.4,7,8,60,3,6,6,6.75,6,0.75,0.75,0.75,0.75,77.9
2024-04-03,9.7,8,8,0,6,5,5,9.5,9,5.75,5.75,0.25,0.25,74
2024-04-04,7.4,6,7,0,6,5,3,8.75,7,2.25,1.5,3,1.5,71.3
2024-04-05,8.9,5,6,,3,5,4,7.5,7,3.5,3.5,1.5,1.25,72.9
2024-04-06,8.2,5,7,0,4,3,1,3,2.25,0.75,0.5,0.75,0.25,43.5
2024-04-07,8.7,5,7,0,1,4,2,3,1.75,1.25,0.5,1,0.75,44.3
2024-04-08,6.4,3,6,20,6,5,3,8.5,3.75,0.5,0.25,4.5,0.5,43.2
2024-04-09,6,3,4,0,2,5,2,6,3.5,2.5,1,0.25,0,35.1
2024-04-10,6.9,2,6,40,5,5,2,7,2,3.25,0.5,1.75,0,36.5
2024-04-11,7.2,3,4,0,6,5,2,4.75,1,1,0.25,2.25,0.25,26.6
2024-04-12,6.4,2,1,0,3,6,1,8.5,1.75,1.25,0.25,1,0.25,32.5
2024-04-13,5.9,2,6,0,1,4,3,0,0,0,0,0,0,24
2024-04-14,6.3,6,6,0,2,3,2,1.75,1.5,0.5,0.25,0.75,0.75,39.2
2024-04-15,5.9,5,5,0,5,6,6,4.25,1.75,1,0.5,2,1,42.5
2024-04-16,5.3,2,4,0,3,5,2,7.75,3.25,0.5,0.25,2,0.5,25.7
2024-04-17,7.1,5,6,0,3,5,2,5.75,4.5,1.25,1,1,0.5,44.5
2024-04-18,7.9,5,5,45,4,6,1,6.25,3.25,1.75,0.75,2.25,1,49.1
2024-04-19,6.9,5,4,25,9,5,5,7.75,2.75,2.5,1.25,1.5,0.5,41
2024-04-20,5.5,4,5,25,0,3,2,3.75,2.25,1.5,0.75,0.75,0.5,48.2
2024-04-21,7.5,5,6,0,1,3,2,2.25,1.75,1,1,0,0,49.5
2024-04-22,6.9,5,5,45,4,5,2,6.25,4.25,4.25,2.5,0.25,0,49.4
2024-04-23,9.1,4,7,30,6,6,3,7.25,3.75,2.5,1,2.5,1,48.2
2024-04-24,5.6,3,6,55,3,5,3,6.5,2.75,3,1.25,1.25,0.5,51.6
2024-04-25,6.6,6,6,0,6,5,2,5.5,3.75,1,0.75,2.75,1.25,56.1
2024-04-26,9,7,8,10,3,5,4,6.5,6,0.75,0.75,1.5,1.25,63
2024-04-27,8.4,9,7,30,3,4,3,1.5,1.5,0.75,0.75,0,0,50.1
2024-04-28,8.7,7,6,55,2,4,3,0.75,0.75,0.25,0.25,0.25,0.25,49.3
2024-04-29,7.6,7,10,85,,6,6,5.25,5,2.25,2,1.25,1,77.6
2024-04-30,7.8,7,8,15,6,6,4,8.25,7.5,0.25,0.25,3,2.5,70.1
2024-05-01,8.1,7,9,0,2,6,5,3.5,3.25,2,1.75,1.25,1.25,70.3
2024-05-02,6.5,5,7,35,5,6,2,6.5,5.25,0.5,0.5,4.75,3.75,68.8
2024-05-03,7.9,6,6,15,1,6,6,6.25,4.5,3.25,2.5,2,1.25,61.2
2024-05-04,6.5,6,3,15,,3,2,3.5,3.25,1,1,1.75,1.25,50.9
2024-05-05,7.9,7,5,0,0,3,3,2.5,1.5,1,1,1,1,47.9
2024-05-06,7.2,6,7,10,5,5,5,8.5,6.5,2.75,2,3.75,2.75,65.4
2024-05-07,6.7,7,7,15,1,5,2,6,5.5,2.25,2,1,1,65.3
2024-05-08,7.3,6,6,0,4,5,4,7.75,6.25,1.75,1.25,1.5,1.25,64
2024-05-09,6.6,6,3,0,4,6,6,7.25,5,3,2.5,1.75,1.25,64.5
2024-05-10,6.3,4,6,20,6,6,3,4.75,3,3,1.75,0.75,0.5,47.8
2024-05-11,7.4,7,5,25,2,3,3,1,1,0.5,0.5,0.25,0.25,51.1
2024-05-12,6.9,8,6,20,1,3,3,1.75,1.5,0.25,0.25,0.5,0.5,54.9
2024-05-13,7.2,5,6,15,4,5,1,7.5,4.5,3.5,2.5,1.25,0.5,48.7
2024-05-14,5.8,1,3,35,5,6,2,7.5,3,1.25,0.5,1.25,0.25,30.4
2024-05-15,7.2,4,,0,5,5,0,7.25,2.5,1.25,0.5,2.5,1,32.4
2024-05-16,5.3,2,4,20,4,5,2,6.25,2,1.75,0.75,1,0.25,26
2024-05-17,6.2,4,6,30,7,5,2,8,2.75,2.25,0.75,1.5,0.25,28.8
2024-05-18,7,5,5,50,6,4,3,3.5,2,1.25,0.75,0.75,0.25,45.8
2024-05-19,8.6,7,8,20,4,3,2,1.5,1,0.5,0.5,0.25,0.25,38.9
2024-05-20,6.9,5,3,0,4,6,2,6.25,3.5,3,1.5,1,0.5,38.6
2024-05-21,5.9,3,2,0,4,6,0,6,1.25,2,0,1.5,0.25,9.7
2024-05-22,6.7,4,2,0,6,5,1,7.5,2.75,3.75,0.75,1,0.25,27
2024-05-23,4.9,3,3,0,5,6,4,8.5,2.75,5.75,1,2,0.5,31.1
2024-05-24,6.9,5,7,,0,6,5,6.5,4.5,3.25,2.25,1.75,1,67
2024-05-25,,6,5,0,1,4,3,2.75,2.25,1,1,0.75,0.5,39.3
2024-05-26,7.7,5,4,20,4,3,1,2,1.75,0.5,0.25,0.5,0.25,39.3
2024-05-27,6.7,4,6,95,6,6,3,5.75,2.75,3.5,1.5,0.25,0,46.4
2024-05-28,7.2,7,6,0,6,6,2,6.75,5.25,2,1.75,2,1.75,53.3
2024-05-29,7.6,5,7,0,2,5,1,6.5,5,2.5,2,2.5,1.5,56.4
2024-05-30,5,2,5,0,5,5,2,6,2.75,3,1,0.5,0,18.6
2024-05-31,5.5,3,4,20,4,6,4,7.5,4,1.75,1,0.75,0.5,38.2
2024-06-01,7.8,5,6,35,4,4,4,5.25,4.5,0.5,0.5,1.5,1,60.1
2024-06-02,7.1,6,7,40,2,4,4,2.5,2.25,0.75,0.75,0.25,0.25,59.8
2024-06-03,8.2,8,5,0,7,6,6,4.75,3.5,2,1.5,1.25,0.5,51.9
2024-06-04,6.9,6,6,0,6,5,4,7.5,6.25,2.25,2,1.75,1.25,74.5
2024-06-05,5.7,3,5,40,4,5,4,6,5.25,4.25,3,1,0.5,59.8
2024-06-06,6,4,5,45,5,6,3,7.5,4.5,2.75,1.5,0.25,0.25,45.4
2024-06-07,4.5,3,5,30,6,5,3,8,2.5,3.75,1.25,3,0.5,32.9
2024-06-08,7.6,6,8,45,5,3,3,3.5,2.5,1.5,0.75,0.75,0.25,51.8
2024-06-09,7.6,4,7,20,1,4,4,4,2.75,0.5,0.25,1.25,0.75,56.6
2024-06-10,7,8,8,40,1,5,5,9.25,7.75,1,0.75,4,3.25,79.5
2024-06-11,8.2,7,6,0,6,5,3,7.5,6,4.5,3.75,0.5,0.25,57.3
2024-06-12,8.5,7,7,0,5,5,4,6.5,6,2.25,2,2,1.75,74
2024-06-13,7.2,6,5,0,4,5,4,5.75,5,1.75,1.5,1.5,1.5,63.9
2024-06-14,5.4,5,5,0,3,5,3,6.25,4.75,1.75,1.25,2,1.25,58.7
2024-06-15,8.7,7,6,0,1,3,3,2.5,2.25,0.5,0.5,0.5,0.5,53.7
2024-06-16,8.5,8,8,0,0,3,2,3,2.75,1.75,1.75,0.25,0.25,53
2024-06-17,7.4,7,7,20,7,5,4,6,4.5,3.25,2.75,0.25,0.25,58.1
2024-06-18,7.9,6,7,75,5,6,4,8.5,5,2,1,2,0.75,73.1
2024-06-19,6.1,5,8,35,3,6,5,6.5,4.5,2.5,1.25,0.25,0.25,62.5
2024-06-20,8.6,5,5,0,9,6,3,5.75,1.5,3.25,0.75,1.5,0.25,35.6
2024-06-21,6.1,5,4,,7,6,4,6.5,4.5,2.25,1.5,0.75,0.25,46.9
2024-06-22,,5,6,35,0,3,3,1.5,1,0.25,0.25,0.75,0.5,45.9
2024-06-23,6.2,3,4,0,2,4,2,2,1.25,0.75,0.5,0.5,0.25,44.8
2024-06-24,5.8,3,5,0,6,6,2,6.75,2,1.5,0.5,3.25,0.5,28.2
2024-06-25,7.9,6,4,0,5,5,4,8,5,4.75,3.25,0.25,0,53.6
2024-06-26,6.1,3,4,0,2,5,5,4.5,1.75,2.5,1.25,0.75,0.25,41.4
2024-06-27,7.1,4,6,70,4,6,1,8.5,2.25,4.25,1.25,1,0.25,33.5
2024-06-28,6.7,3,3,0,7,6,3,8,1.5,3,0.75,1.75,0.25,23
2024-06-29,7.1,5,6,15,3,3,2,4,2.25,1.25,0.75,0.75,0.5,42.5
2024-06-30,8.4,5,4,0,1,3,1,4,2.75,2.75,1.75,0.5,0.25,43.3
2024-07-01,6.5,3,5,30,5,5,1,8.25,4.75,0.5,0.25,1.75,1,35.7
2024-07-02,5.2,1,4,20,3,5,2,5,1.75,1.25,0.5,1.5,0.25,25.5
2024-07-03,5.9,5,5,0,8,6,4,8,3.5,2.5,1.25,4.25,1.5,40.1
2024-07-04,7.3,3,3,0,6,6,3,6,2.75,2.5,1.25,1.5,0.25,31.6
2024-07-05,7.3,6,4,40,2,5,4,4.75,4.25,1.5,1.25,1.75,1.25,58.4
2024-07-06,6.2,3,6,0,0,4,1,2.75,1.5,1,0.5,0.25,0.25,38.1
2024-07-07,7.1,6,6,40,2,4,2,3.25,3.25,0.25,0.25,1.75,1.5,50.3
2024-07-08,6.6,5,5,0,6,6,3,6,4.25,2,1.5,2,1,55.6
2024-07-09,7.2,5,6,30,5,5,4,7.5,7,5.25,5.25,1.5,1.25,75.4
2024-07-10,6.1,6,8,25,1,6,4,4.75,4.5,3.25,2.25,0.75,0.5,66.7
2024-07-11,6.7,5,7,0,1,6,4,4.25,2.75,1.75,1.5,0.5,0.25,54.9
2024-07-12,6.4,3,5,0,4,6,3,8.75,3.75,1.25,0.5,2.5,1,40.5
2024-07-13,8.2,7,5,0,0,3,2,2.75,2.5,0.75,0.75,1,1,49.4
2024-07-14,8,7,6,0,6,3,3,2.25,1.5,0.5,0.25,0.75,0.5,44.9
2024-07-15,6.4,5,4,0,4,6,1,7,3.75,2.5,1.25,3.25,1.25,37
2024-07-16,6.3,,4,0,5,5,3,8.25,4.25,1.75,1,1,0.5,43.9
2024-07-17,6.9,5,4,40,4,6,1,7.5,4,1,0.5,1.5,0.75,43.2
2024-07-18,6.1,5,5,0,4,5,3,7.25,4.75,2.5,1,0.5,0.25,49.3
2024-07-19,5.7,5,6,0,10,6,5,8.5,2.5,5.5,1.75,1.25,0.25,38.5
2024-07-20,6.7,6,6,0,3,3,3,2.25,2,0.25,0.25,0.25,0.25,41.1
2024-07-21,7.1,5,5,0,0,3,2,3.75,2.25,2,1.5,0.5,0.25,48.6
2024-07-22,6,4,6,0,1,5,2,7,5.5,2.5,1.75,2,1.25,47.4
2024-07-23,7.1,6,6,0,1,5,4,6.75,5.25,4.25,3.5,0.5,0.5,56.7
2024-07-24,7.7,4,6,30,5,5,5,6.5,3.75,0.75,0.5,0.5,0.25,52.5
2024-07-25,5.6,4,5,0,5,5,2,7,3.5,2.25,1.25,1.25,0.5,52.4
2024-07-26,6.8,7,4,0,8,5,5,7,4,4,2,1.5,0.75,55.1
2024-07-27,7.2,6,6,15,3,4,3,3.25,2.5,1.5,1.25,0.25,0.25,54.3
2024-07-28,7.8,7,4,0,3,4,2,4.5,3,1.75,1.25,0.75,0.5,49.9
2024-07-29,6.7,5,6,60,5,6,5,5.75,2.25,1.5,0.5,1,0.25,47.1
2024-07-30,5.5,3,3,0,5,5,2,6.75,2.75,4.5,2.25,1.5,0.5,37.9
2024-07-31,5.5,2,5,0,7,6,0,6.5,0.75,2.75,0.5,1.75,0,11.8
2024-08-01,7,4,2,15,7,6,4,7.5,4.25,3.75,2.25,2.75,1.5,51.4
2024-08-02,8.1,5,8,60,4,5,2,4.25,3,2.5,1.5,1,0.75,60.5
2024-08-03,5.7,5,4,0,1,4,2,3,2.25,1.25,0.75,0.25,0.25,42.2
2024-08-04,8,8,5,25,3,4,4,2.75,2.25,1.5,1.25,0.25,0.25,60.6
2024-08-05,7.7,4,5,0,4,5,1,8.5,2.5,2.75,1,5,1,37.7
2024-08-06,6.4,4,5,30,5,5,2,6.5,2.25,3.75,1.25,1,0.25,44.1
2024-08-07,7.1,4,5,45,3,5,4,7,3.25,0.5,0.25,3,1,49.5
2024-08-08,5.8,3,6,95,6,5,3,9.5,1,6.25,0.75,2.25,0.25,38.8
2024-08-09,6.6,5,4,0,6,6,3,6.75,3.75,0.75,0.5,4.25,1.5,44.1
2024-08-10,6.3,6,6,15,3,4,4,1.25,1,0.5,0.25,0.25,0.25,43.8
2024-08-11,5.4,3,4,0,9,4,3,1.75,0.25,1.25,0.25,0.25,0,12.6
2024-08-12,7.6,7,5,0,5,5,2,7.5,5.5,1.5,1,3.25,1.75,50
2024-08-13,6,4,3,0,5,5,2,7,3.75,4.5,2.25,0.25,0,35.4
2024-08-14,6.8,6,6,60,6,6,5,8,5.5,2,1.5,2,1,65
2024-08-15,5.7,2,5,30,5,5,2,6,2.25,1.25,0.25,1.75,0.75,30.2
2024-08-16,5.7,6,7,0,7,6,4,5.75,4,2,1.5,2,1.25,54.2
2024-08-17,7.8,7,6,40,1,4,4,4.25,3.75,1.5,1.5,1,1,68
2024-08-18,6.9,6,5,0,2,3,3,3,2.75,1,1,1,0.75,53.1
2024-08-19,7.1,3,6,0,4,6,3,6.75,1.25,1.25,0.25,2.5,0.5,29.2
2024-08-20,7.1,4,5,0,7,5,3,8,3,3.75,1.5,3,0.25,36.6
2024-08-21,7,6,6,0,6,5,3,8.75,4.75,2.5,1.25,1.25,0.25,41
2024-08-22,7.1,5,6,0,4,5,3,5.75,4.25,1.5,0.75,1.25,0.75,58.9
2024-08-23,8.4,4,5,0,9,5,4,6,2,3.25,1,1.25,0.25,32.2
2024-08-24,6.3,5,7,0,6,3,1,2.25,1,1.5,0.75,0.5,0.25,25.4
2024-08-25,,5,6,20,2,4,2,4.25,2.5,2.25,1.25,0,0,49.5
2024-08-26,7.8,7,4,0,7,6,4,7.5,4.5,1.75,1,2.5,1,50.3
2024-08-27,8.2,6,7,45,5,5,2,7.5,5.25,3.75,2.25,1.25,0.25,58.4
2024-08-28,5.6,3,4,0,4,6,3,5.25,2.25,1,0.5,1.5,0.5,36.3
2024-08-29,6.5,6,5,0,2,6,3,7,4,0.75,0.5,1.5,1,55.3
2024-08-30,8.2,5,6,0,5,5,3,7.75,6.25,1,0.5,3,2,56.7
2024-08-31,8.2,5,5,40,1,3,3,0.25,0.25,0,0,0,0,34.7
2024-09-01,7.9,6,6,0,0,3,1,3.75,3,1.5,1,0.75,0.5,53.7
2024-09-02,6.6,5,6,15,6,6,3,10,4,5.5,3,1,0.25,49.4
2024-09-03,6.6,3,4,0,2,6,4,5.75,2.5,1.25,0.25,1.75,0.5,47.9
2024-09-04,7,3,6,35,6,5,3,5.75,3,3,1.75,1,0.25,40.7
2024-09-05,6.6,5,4,0,2,6,4,5.75,4.5,0.5,0.5,0.75,0.5,47.9
2024-09-06,6.6,3,3,0,3,5,1,9,2.75,4.5,1.5,0.75,0,33.6
2024-09-07,7.5,5,8,30,2,4,3,1.75,1,0.5,0.25,0.25,0,38.8
2024-09-08,6.7,2,3,30,4,4,2,5.75,1,1.5,0.5,1.5,0.25,18.3
2024-09-09,7,3,5,35,3,6,4,7,2,2.25,0.75,2.25,0.25,38.7
2024-09-10,9.4,5,7,15,6,5,2,6,4,2.25,1,2.5,0.5,45
2024-09-11,5.2,3,5,35,6,5,2,8.25,5,3,1.5,4,1.5,41.2
2024-09-12,7.1,4,6,0,7,6,3,6.5,3.25,1,0.5,1.5,0.5,44.2
2024-09-13,6.4,7,7,20,1,5,5,6.75,5.75,2.25,1.75,1,1,70.2
2024-09-14,8.1,5,6,20,1,3,2,3,2,0.5,0.5,1.5,0.75,49
2024-09-15,7.6,5,5,0,7,3,0,3.75,1.75,0.5,0.25,1.75,0.75,33.7
2024-09-16,7.7,8,4,20,2,6,5,6.75,6,2.25,2,2.5,1.75,73.7
2024-09-17,8,6,5,25,7,5,4,7,5,2.25,1.5,3.25,1.25,52.8
2024-09-18,7.2,5,5,0,8,6,2,8,2.75,0.75,0.5,2,0.25,43.1
2024-09-19,7.9,6,6,10,7,6,6,9.25,5,1.75,1,2.25,1.25,54.3
2024-09-20,4.8,3,7,0,7,6,5,7.75,3.5,0.5,0.25,5,1.75,30.8
2024-09-21,9.2,8,7,0,3,4,3,4.75,4.75,2.75,2.5,0.25,0.25,62.5
2024-09-22,7.9,5,6,0,4,3,3,4.5,3.5,0.5,0.25,1.75,1,47.1
2024-09-23,7.5,4,6,0,2,6,3,6,1.75,1.75,0.75,3.5,0.75,37.9
2024-09-24,5.8,3,5,0,6,6,1,7.75,4,2.25,1,2.25,0.75,46.5
2024-09-25,6.6,5,6,0,3,6,4,7.25,4,4.25,3.25,1.5,1,66.4
2024-09-26,7.4,6,6,0,5,6,5,5.25,4,0.25,0.25,1.75,1,55.4
2024-09-27,6.8,5,5,40,1,6,5,6.5,5,4.25,3.75,1,0.75,60.3
2024-09-28,7.7,7,6,0,5,4,3,3.5,2.75,1.75,1.5,0.75,0.5,49.1
2024-09-29,8.4,7,6,0,3,4,3,4,2.5,1.5,1,0.5,0.25,52.1
2024-09-30,5.2,2,5,0,4,5,0,9,1.5,3.5,1,2.25,0,14.3
2024-10-01,7.5,5,4,65,4,5,2,7.5,4,2.75,1.75,2,1,47.5
2024-10-02,6.8,5,6,35,5,5,4,8.75,6,1.25,0.75,1.5,0.5,60.3
2024-10-03,6.8,,7,0,2,6,3,7.25,3.25,2.5,1.5,3.25,1.5,46.8
2024-10-04,5.4,3,5,55,2,5,2,7,3.5,3,1.5,0.25,0,33.7
2024-10-05,7.9,6,8,0,3,3,3,4.5,2.5,2,1,0.5,0.25,51.9
2024-10-06,5.7,3,6,35,2,4,0,1.75,1.25,0.5,0.25,0.5,0.25,31.9
2024-10-07,7.8,6,6,25,3,5,4,7,5,2,1.5,2,1.5,59.6
2024-10-08,5.8,6,7,70,,6,6,5.25,4.5,1.25,1,0.5,0.25,61.5
2024-10-09,7.1,6,5,0,5,6,4,6.25,4.5,0.5,0.25,1,0.75,57.4
2024-10-10,7.1,8,4,0,4,5,4,6.5,6,2.75,2.25,2,1.75,65.7
2024-10-11,7.9,5,6,0,6,5,5,7.5,5,0.75,0.5,2.25,1,60.6
2024-10-12,7.3,6,8,0,4,4,3,3.25,2,0.5,0.25,1.25,0.75,50
2024-10-13,6.8,7,7,0,1,4,3,1.5,1.25,0,0,1.25,1,43.9
2024-10-14,6.8,5,7,45,3,6,4,7.5,7.25,1,0.75,2.75,2.75,75.6
2024-10-15,8.3,4,6,30,3,6,5,6.75,5.25,1.5,1,1.5,1.25,59.9
2024-10-16,7.9,9,9,0,4,5,5,3.25,3,0.25,0.25,1,0.75,68.3
2024-10-17,6.8,5,6,0,5,6,5,6.25,4.5,3.5,2.25,1,0.5,55.7
2024-10-18,7,6,7,65,5,5,5,8.5,6,0.5,0.25,3.75,2.25,71.5
2024-10-19,6.4,5,4,0,6,3,2,5.25,4,1.25,1,1.75,1.25,47.8
2024-10-20,8,6,5,25,3,4,3,0.25,0.25,0,0,0.25,0.25,36.4
2024-10-21,5.5,2,5,0,2,5,1,9,4,2.5,1.25,2,1,38.5
2024-10-22,7.9,6,7,0,4,6,5,6,5.75,2.25,1.75,3.5,3.25,68.5
2024-10-23,7.3,7,8,25,4,6,5,7,5.75,2.25,1.75,2,1.5,75.7
2024-10-24,9,4,,0,6,5,3,5.25,1.25,2.25,0.75,0.5,0,25.3
2024-10-25,,3,3,0,6,6,2,9,5.75,5.75,3.5,0.5,0.25,41.6
2024-10-26,7.2,4,5,0,4,4,2,5.25,3.5,0.25,0.25,2.5,1.75,45.2
2024-10-27,8.9,4,,0,2,3,2,3.5,2.25,1.25,0.5,0.5,0.25,35.7
2024-10-28,7.8,5,6,20,3,6,6,8.75,6.25,5.5,3.75,2,1.5,70
2024-10-29,5.9,3,3,95,5,5,1,7.75,2.5,1.25,0.25,1.25,0.25,24.4
2024-10-30,6.5,2,4,35,5,6,1,5.75,1.25,1.25,0.25,0.5,0,26.1
2024-10-31,6.5,3,4,45,7,5,3,6.25,1.25,1.25,0.25,0.75,0,25.3
2024-11-01,6.8,4,5,5,5,6,2,7.75,1.75,2.25,0.75,3.5,0.75,30.9
2024-11-02,6.1,1,2,0,5,4,0,4.5,1.25,0.75,0.25,0.5,0,4.9
2024-11-03,7,5,3,50,3,4,2,3.75,1.5,1.25,0.5,1.25,0.25,33.8
2024-11-04,5.2,3,5,,4,5,2,7,2.25,2,1,2.75,1.25,27.6
2024-11-05,6.7,3,5,35,3,6,3,5,2.25,2.5,0.75,1.75,0.5,47
2024-11-06,6.8,4,6,75,5,5,2,9,3.5,2.75,1,3.75,1.25,47
2024-11-07,6.5,4,4,0,6,5,1,7.25,3,5,2.5,0.75,0,37.8
2024-11-08,5.4,3,6,0,3,6,3,5.75,2.75,1,0.5,2.25,1,32.4
2024-11-09,8.8,9,8,0,2,4,3,3.5,3.25,2,1.75,0.75,0.75,65
2024-11-10,8.2,7,8,15,5,4,1,1.25,1,0,0,0.75,0.75,50.9
2024-11-11,6.7,4,6,0,3,5,3,5.5,4,1,0.5,0.25,0.25,53.9
2024-11-12,7,6,4,45,4,6,5,8.25,6.75,3.25,2.5,0.75,0.5,61.9
2024-11-13,6,6,6,15,7,6,6,10,4.75,1.75,0.75,2.25,0.75,56.1
2024-11-14,6.4,5,6,0,5,6,2,8,7.25,3,2.75,1.75,1.25,62.6
2024-11-15,7,8,8,35,1,5,4,7,5.75,1.5,1.25,4,3.5,78.3
2024-11-16,9,6,5,0,2,4,4,3,2.25,0.25,0.25,1.25,1,62.5
2024-11-17,7.2,4,5,0,3,4,3,2,1.25,0.75,0.5,0.5,0.25,39.5
2024-11-18,7.6,6,7,10,6,6,4,9.75,4.75,1,0.5,4,2,56.5
2024-11-19,6.7,4,6,30,4,5,4,6.75,4.75,1.75,1.25,2.5,2,59.7
2024-11-20,7.6,7,6,0,5,5,4,9.75,7.75,2.25,1.75,3.25,2.25,74.5
2024-11-21,7.1,8,9,20,1,5,4,8.75,8,5,5,2.25,2.25,91.1
2024-11-22,7.9,4,5,65,3,6,5,4.75,2.25,1.5,0.75,0.75,0.5,52.6
2024-11-23,,5,7,10,3,3,0,1.75,1.25,1,0.75,0.5,0.5,39.3
2024-11-24,6.3,4,7,0,4,3,0,4.75,3,0.75,0.5,0.5,0.25,33.3
2024-11-25,6,5,6,30,,6,5,7,5.5,4.5,3.75,0.75,0.5,66.8
2024-11-26,6.3,4,5,0,6,5,2,7,3.5,2.75,1.5,3.75,1.25,41.6
2024-11-27,5.6,4,5,0,3,6,4,11,5,2,0.75,5,1.75,46.8
2024-11-28,7,5,5,25,4,6,4,5.5,2,1.25,0.5,3,0.75,34.3
2024-11-29,5.8,2,2,0,8,5,3,7.25,2,2.5,0.5,2.25,0.25,18.2
2024-11-30,9,4,4,0,3,3,0,3.5,1.5,1.5,0.75,1,0.25,20.1
2024-12-01,5.3,1,3,0,5,4,1,2.5,0.25,0.25,0,1.25,0,0
2024-12-02,6.5,2,3,5,4,5,1,7.25,1,4.5,0,1,0.25,23.6
2024-12-03,5.7,4,5,25,4,6,4,5.75,3.25,0.75,0.5,1.25,0.75,40.4
2024-12-04,6.3,2,2,0,3,5,2,7.25,2.25,0.5,0.25,1.5,0.75,41.1
2024-12-05,6.7,5,5,0,6,5,0,7.75,4.25,1.25,0.75,3.25,1.25,45.5
2024-12-06,4.6,,3,0,4,5,0,7.5,2.25,5.25,0.75,0.25,0,9.1
2024-12-07,,6,4,20,2,4,4,1.5,1,0.25,0.25,0.5,0.25,50
2024-12-08,9.1,5,5,40,1,3,3,5,3.5,1.25,1,2.5,1.75,60.6
2024-12-09,6.2,4,4,0,6,5,0,8.25,2.75,3.75,1.25,1,0.25,27
2024-12-10,7,2,6,60,5,5,2,7,2,2.25,0.75,1.5,0.25,35.7
2024-12-11,,6,5,0,2,5,4,5.5,5,3,2.75,1.25,1,53.5
2024-12-12,6.8,5,6,0,2,5,4,6.25,5,1,0.75,0.75,0.5,58.6
2024-12-13,6.4,4,7,5,5,6,5,6.75,4.25,3.75,2.75,1.25,0.75,50.5
2024-12-14,5.7,5,5,0,6,4,2,1.75,1.5,0.75,0.5,0.5,0.5,36.7
2024-12-15,8.1,6,6,0,2,3,3,0,0,0,0,0,0,30.9
2024-12-16,6.8,4,7,0,3,6,2,5.75,2.5,2,1,2,1,41.5
2024-12-17,6,4,6,30,4,6,5,5.5,2.5,1.25,0.75,2.75,1,45.5
2024-12-18,6.8,4,5,0,2,6,1,4.75,2,1.5,0.75,0.5,0.25,32.3
2024-12-19,5.9,3,3,0,6,6,2,6.75,1,1,0.25,3.25,0,15.9
2024-12-20,6.2,4,6,,3,5,2,5,3.25,2.75,1.5,0.75,0.25,37.8
2024-12-21,7.8,6,6,45,4,4,3,4.25,2.25,2.5,1,0.75,0.25,47.4
2024-12-22,6,2,3,65,,4,2,4.75,1.75,0.75,0.25,0.75,0.25,30.2
2024-12-23,7.6,5,5,0,3,6,2,5.25,2.75,2,1,1.5,1,38.8
2024-12-24,5.7,5,4,0,2,5,4,7.5,5,2.5,1.75,1.5,1,57.9
2024-12-25,5.9,1,5,80,4,6,2,8,1.75,1.75,0,2.75,0.25,28.2
2024-12-26,8.1,5,3,,3,6,1,6.25,3.5,2,1.25,1.5,0.5,44.2
2024-12-27,7.3,3,5,20,5,6,3,6.5,3,2,0.5,2,0.5,36.9
2024-12-28,7.4,5,5,0,1,3,1,2.75,1.75,0.75,0.5,1.5,1,41.6
2024-12-29,6.6,3,3,0,5,3,1,5,1.75,2.75,1,1.25,0.5,28.9
2024-12-30,6.5,,5,15,3,6,5,6,4.25,2,1.25,2.25,1.25,58
2024-12-31,6.9,7,7,0,2,5,4,8.5,5.5,3.75,2.75,1.75,1,65.4
2025-01-01,6.7,3,6,0,6,5,2,8.25,0.5,3,0.5,2,0.25,30.8
2025-01-02,6.7,3,3,0,5,6,5,7.75,4,1.25,0.5,0.5,0,48.2
2025-01-03,6.8,3,3,0,6,6,2,8.25,4.25,3.5,1.75,1.5,0.5,36.8
2025-01-04,7.4,8,8,0,5,3,1,3.75,3.25,1,1,1.5,1.25,56.1
2025-01-05,6.2,4,5,0,2,3,2,8,5.5,5,4.25,2.25,1.25,58.7
2025-01-06,6.5,5,6,25,3,5,5,7.5,5.25,3.5,2.5,2.5,1.5,65.3
2025-01-07,7.9,6,5,0,6,5,3,8.25,6.25,6,5.5,0.25,0.25,58.2
2025-01-08,5.9,3,6,35,4,5,1,7.5,5.25,4.75,3,0.5,0.25,49.1
2025-01-09,7.1,6,9,30,3,6,5,7,5.75,1.5,1,1.75,1.25,68.7
2025-01-10,6.2,7,6,35,6,6,4,6.75,4.5,1.25,0.75,4.25,2,52.6
2025-01-11,7.2,6,6,0,3,3,2,2,1,0.25,0.25,0.25,0,32.5
2025-01-12,7.1,4,5,15,3,3,1,4.25,3.5,0.75,0.5,1.75,1,43.6
2025-01-13,8.4,7,,90,7,6,4,8.25,6,2.75,1.5,2,1.25,57.8
2025-01-14,7.3,4,4,20,6,5,2,5,2.25,1.5,0.75,1.5,0.5,41.9
2025-01-15,5.4,1,,10,4,5,2,6.25,1.75,0.75,0.25,2.5,0.5,22.6
2025-01-16,7.3,6,5,0,7,5,3,9.75,3.5,3.25,1.25,1,0.25,45.9
2025-01-17,6.2,5,7,15,3,6,2,6.25,4.5,2.25,1.25,1,0.75,49.1
2025-01-18,7.3,7,7,45,1,3,3,4,3.75,1.25,1.25,1.25,1,68.2
2025-01-19,8.2,6,6,0,,3,3,3.25,2.75,0.5,0.25,1,0.75,54.9
2025-01-20,6.7,5,6,100,3,6,3,7.5,4,4,2.5,2,1,62.1
2025-01-21,7.8,7,7,70,5,5,4,6,4,2,1.25,1.25,0.75,61
2025-01-22,6.3,5,4,0,3,5,3,6.75,6.25,1.75,1.5,3.75,2.75,61.6
2025-01-23,6.4,4,4,0,6,5,2,8,5.75,1.25,0.75,2.5,1.5,43.2
2025-01-24,6.2,2,6,40,1,6,2,6,2.25,4.5,2,1,0.25,42.7
2025-01-25,7.3,6,6,0,2,4,3,1.5,1.25,0.5,0.5,0.25,0.25,44.6
2025-01-26,9.1,8,7,50,2,4,4,1.75,1.5,0.25,0.25,0.25,0.25,52
2025-01-27,8.1,6,7,35,3,5,3,8.25,6.25,2.75,2.5,2.75,1.75,67.3
2025-01-28,8.8,8,8,40,4,5,4,7.25,6,2.75,2.5,1.5,1.5,68.9
2025-01-29,9.4,7,7,0,5,6,4,11.25,8,3.25,2.25,3.25,2,65.9
2025-01-30,6.5,7,6,30,3,6,6,8.25,7.5,3.25,3,4.75,4.5,88.4
2025-01-31,7.5,8,6,0,1,5,2,7.5,7.5,1.25,1,3.25,3.25,71.5
2025-02-01,7.1,6,7,0,3,4,4,5.25,4.5,1.25,1,1.5,1,57
2025-02-02,7.5,6,7,0,1,4,4,2.5,2.25,1,1,0.75,0.75,62.5
2025-02-03,7,6,6,0,6,6,3,8.75,6.75,5,3.25,2,1.5,62
2025-02-04,6.6,7,7,50,3,6,5,9.25,8.5,1.75,1.25,3.75,3,85.3
2025-02-05,6.6,6,6,40,10,5,3,9,6.5,3.5,2.5,1.75,1,62.8
2025-02-06,7,5,5,0,9,5,3,8,4,3.75,1.75,1.25,0.5,47.8
2025-02-07,6,2,5,100,2,5,2,5.25,3,2,1,0.5,0.25,48
2025-02-08,8.3,8,8,0,,3,3,0.5,0.5,0,0,0,0,48.6
2025-02-09,6.5,5,5,0,2,4,1,4.75,3.75,3.75,3,0.25,0.25,39.2
2025-02-10,9.6,7,6,0,3,6,5,5,4.25,0.75,0.75,2.25,1.75,50.4
2025-02-11,7,7,4,15,4,6,5,7.25,7,2.5,2,3.5,3.25,66.7
2025-02-12,7.6,8,7,0,2,5,5,7.75,7.5,1.5,1.25,0.25,0.25,86.4
2025-02-13,6.3,6,6,30,3,6,5,8.25,7.5,2.25,2,0.5,0.5,66.9
2025-02-14,,7,6,,5,5,4,7.75,6.5,2.25,2.25,0.5,0.5,70
2025-02-15,9.1,7,10,15,2,4,2,4.25,3.75,0.5,0.5,2.5,2.25,61.5
2025-02-16,,10,8,45,4,3,3,2,1.75,0.25,0.25,1,1,60.1
2025-02-17,,5,7,0,5,5,4,6.75,5.25,1.5,1,2,1.25,55.2
2025-02-18,7.4,6,7,20,3,5,5,5,4.5,1.5,1.25,1,0.75,64.6
2025-02-19,6.2,5,7,0,0,6,5,4.5,3.75,2.25,2,1.25,1,65.1
2025-02-20,8.2,5,5,40,10,5,2,8,5,1.5,1,1.5,0.75,51.4
2025-02-21,7.6,7,8,25,0,5,4,6,4.75,1.5,1.25,0.5,0.5,62
2025-02-22,7.6,5,7,90,3,3,2,1,0.75,0.25,0.25,0.5,0.25,37.7
2025-02-23,5.7,5,6,45,5,4,2,1.5,1.25,0.5,0.5,0.5,0.5,35.1
2025-02-24,6.5,7,7,0,4,5,3,6.25,5.75,3.25,2.75,0.5,0.5,54.1
2025-02-25,7.9,7,7,0,2,5,4,7.75,6.25,3.25,2.25,1.5,1.25,71.1
2025-02-26,8.4,7,7,45,4,5,3,6.25,5.75,1.5,1.25,2.75,2,69.5
2025-02-27,8.2,7,7,40,4,5,4,4.5,3.75,2.25,1.75,1.25,1.25,61.6
2025-02-28,5.7,4,6,0,5,6,4,7.25,3.5,0.75,0.5,1.5,0.75,39.6
2025-03-01,7.8,5,8,50,,4,1,2.75,2,0.75,0.5,0.5,0.25,45.6
2025-03-02,8.4,5,4,20,3,3,3,2.5,1.75,1,0.75,1,0.5,
2025-03-03,5.3,4,6,10,8,6,0,9.5,3.25,3.75,1.25,2.75,1,28.6
2025-03-04,6.6,4,4,0,5,5,2,5,2,1,0.5,2,0.75,34.1
2025-03-05,7,4,6,0,5,6,4,7.5,2.75,1.75,0.75,1.25,0.5,46.3
2025-03-06,6.6,4,5,25,5,5,4,5.75,3.75,0.5,0.25,0.5,0.25,45.8
2025-03-07,4.9,2,4,0,6,5,1,8.25,1.5,2.5,0.25,1.75,0.25,12.2
2025-03-08,7,5,5,0,3,3,2,2.5,0.75,0.25,0,0.75,0.25,26.5
2025-03-09,7.2,6,3,0,4,3,1,5.5,5.25,1,1,2.5,2.5,52
2025-03-10,7,5,8,0,3,6,3,5.75,4.25,1.75,1.25,1.5,1,56.4
2025-03-11,6.8,7,,0,3,6,5,6,6,4.25,4.25,0,0,65.3
2025-03-12,6.8,5,6,0,4,6,4,8.25,6.5,3.25,2.5,2.5,1.75,73.6
2025-03-13,7,5,4,0,7,5,3,9.25,5.75,3,1.5,2.5,1,53.6
2025-03-14,7.2,6,4,60,8,6,5,7.5,4.75,0.5,0.25,1.25,0.75,52.5
2025-03-15,7.3,6,6,0,2,3,2,0.75,0.5,0.25,0.25,0.25,0.25,41.4
2025-03-16,7.2,5,5,0,1,4,2,1.75,1.25,1.25,1,0.5,0.25,49.5
2025-03-17,7.3,5,4,20,8,6,5,10.25,4.5,2.75,1.5,4.75,1.25,52.8
2025-03-18,5.7,5,7,60,4,5,5,7.25,4.5,3.5,2.75,2.5,1.75,58.7
2025-03-19,7.7,9,5,10,4,5,4,9,9,2.75,2.25,1.25,1.25,79
2025-03-20,7,3,5,10,5,5,1,6,3.75,2.5,1.25,1.75,1.25,42.8
2025-03-21,7,6,6,15,4,6,5,7,4.5,3.25,1.75,0.25,0.25,48.8
2025-03-22,8.5,5,3,30,4,4,2,5.5,3.25,2.75,1.75,1,0.5,52.7
2025-03-23,5.8,3,5,10,1,3,1,2.75,1.75,0,0,1,0.75,40.6
2025-03-24,5.1,1,,0,2,6,1,6,1.75,0.25,0,3,0.5,18.7
2025-03-25,7.2,5,4,25,4,6,3,6,4.25,1.5,1.25,2.25,1,49.3
2025-03-26,6.9,4,6,95,7,5,1,8.25,5,5,2,1.5,0.75,52.1
2025-03-27,6.9,5,6,10,3,6,3,8.5,5.5,3.5,2,1.25,0.75,52.4
2025-03-28,6.5,4,,35,3,5,5,9,3.25,3,1.25,1.75,0.75,50.9
2025-03-29,8,4,5,45,5,4,2,3,1.75,0.75,0.75,1,0.5,37.4
2025-03-30,8.3,7,,0,3,3,2,3.5,3.25,0.75,0.75,1,1,51.5
2025-03-31,7.4,6,5,75,5,6,4,6.5,3.75,0.75,0.5,5,3.25,52.3
2025-04-01,6.5,5,5,50,5,5,5,8.75,4.75,7,3.75,1,0.5,63.4
2025-04-02,4.8,1,5,0,10,5,0,8,1.25,1.75,0.5,1.5,0.25,15
2025-04-03,7.7,6,5,0,3,5,3,5.75,4.5,0.75,0.75,2.5,1.75,58.4
2025-04-04,7.9,6,5,0,9,6,4,5.75,1.75,1.25,0.5,0.25,0,37.3
2025-04-05,7.7,3,3,10,,3,3,3,1.5,1.75,0.75,0.5,0.25,40.1
2025-04-06,6.1,2,3,0,3,4,0,3.25,1,1.5,0.25,0.25,0,13.8
2025-04-07,7,4,5,0,5,6,3,7,2,4.25,0.75,1.25,0,38.3
2025-04-08,7.3,6,2,0,8,6,5,8.5,4.5,1.75,1,2.75,0.5,38.3
2025-04-09,8,7,5,0,4,6,3,8,7.25,3.75,2.5,2.5,2,65.8
2025-04-10,6.1,2,4,0,11,6,3,8.75,0.25,2.25,0.25,3.25,0.25,15.4
2025-04-11,6.2,6,5,0,3,5,3,4.5,2.75,1.75,0.75,0,0,33.9
2025-04-12,7.9,4,3,30,12,4,1,7.5,1.75,0.75,0.25,0.75,0,32.8
2025-04-13,7.6,7,5,35,0,3,1,2,2,1,0.75,0.25,0.25,57.1
2025-04-14,5.8,4,6,0,3,6,4,5,3.5,3.75,2.25,0.5,0.25,42.7
2025-04-15,7.1,4,5,0,3,5,3,6.25,3.25,1.25,0.75,1.5,0.5,47.8
2025-04-16,7.2,5,6,20,4,6,4,6,3.75,0.75,0.5,2,0.75,49.1
2025-04-17,6.7,4,5,40,8,6,4,7,4,5.75,3.5,0.25,0.25,47
2025-04-18,6.8,5,5,25,4,5,2,9,3.25,4.5,2,1.75,0.5,39.9
2025-04-19,7.3,6,7,0,3,4,3,4.5,3.5,1.75,1.5,1,0.5,48.8
2025-04-20,9.2,8,7,75,4,3,3,3.75,3.5,2.5,2.25,0,0,67.2
2025-04-21,6.4,5,7,35,7,5,5,7.75,4,4.25,2.25,2.25,1.25,58.6
2025-04-22,6.9,6,9,40,4,6,4,7.75,7.5,1.75,1.5,1.25,1.25,75
2025-04-23,7.4,8,8,30,4,6,5,7.5,6.25,1,1,1.75,1.25,71.6
2025-04-24,8.4,8,7,0,4,5,5,7.5,6.75,4.25,3.75,2.25,1.75,81
2025-04-25,6.1,6,10,35,3,6,6,7.5,6,1.25,1,1,0.75,64.7
2025-04-26,6.8,6,7,30,3,4,4,4.5,4,0.75,0.75,0.5,0.5,59.6
2025-04-27,6.2,4,7,25,1,4,4,3.75,2.5,2.5,2.25,0.75,0.5,52
2025-04-28,7.9,8,8,30,1,6,5,5.5,5.5,1,1,1,1,83
2025-04-29,6.9,7,7,40,3,5,4,8,7.75,2.25,2,2.25,2.25,77.1
2025-04-30,7.2,8,8,0,7,5,5,8.25,7.5,5.25,5.25,1,0.75,74.2
2025-05-01,8.2,9,7,30,6,6,6,7.5,7.5,0.5,0.5,4.25,4,72.9
2025-05-02,6.9,6,8,70,8,6,6,8.5,6.75,5.5,4.75,0.5,0.25,68.7
2025-05-03,8.1,8,9,10,0,3,2,0,0,0,0,0,0,40.3
2025-05-04,7.7,8,8,20,5,4,4,4.75,4,1,0.75,1.75,1.5,71
2025-05-05,7.9,7,6,0,3,6,5,7.25,7,0.75,0.5,1.75,1.5,67.1
2025-05-06,7.7,6,6,10,4,6,3,4.5,3.5,1.25,1,0,0,51.7
2025-05-07,6.6,7,3,0,2,5,4,7,6.5,2.25,2,0.75,0.75,66.8
2025-05-08,7.1,6,6,0,3,5,3,6.25,5.5,0.75,0.5,0.25,0.25,56.9
2025-05-09,8.2,7,7,0,5,5,5,5.5,4.75,1.75,1.5,2,1.75,75.9
2025-05-10,7.8,5,6,25,0,4,3,0,0,0,0,0,0,30.6
2025-05-11,6.4,4,5,35,1,4,1,3.5,2,1.25,0.75,1.75,1,44.7
2025-05-12,7.4,4,4,0,5,5,3,7,4.25,1.25,0.5,2.5,0.75,47.9
2025-05-13,5.6,3,6,0,5,6,3,6.25,2.25,2.25,1,0.5,0.25,30.3
2025-05-14,,4,5,0,1,6,3,7.5,5.5,0.75,0.75,3,2.5,57.8
2025-05-15,7.7,9,8,0,4,5,5,8.25,6.75,2.5,2,2.25,1.75,70.7
2025-05-16,6.9,3,4,20,6,5,2,6,2,1,0.25,2.5,0,30.7
2025-05-17,7.6,4,5,0,6,4,4,1.5,0.75,0.25,0.25,0.5,0.25,37.2
2025-05-18,7.1,5,5,30,1,4,3,1.75,1,0.75,0.25,0.75,0.25,39.3
2025-05-19,7.3,6,7,0,6,6,3,4.5,2.5,0.5,0.25,1,0.5,37.6
2025-05-20,6.3,4,5,40,5,6,0,7,3.25,0.25,0.25,3,1.5,46.8
2025-05-21,6.9,5,8,80,9,5,4,6.5,3.25,0.25,0,1.75,0.5,51.5
2025-05-22,7.6,3,5,80,,6,2,6.75,3.75,2.25,1,1.5,0.75,42.9
2025-05-23,6.2,3,6,0,5,6,2,6.25,1.75,3,1.25,1,0.25,30
2025-05-24,6.9,4,5,0,5,3,2,3.5,1.5,2,1,0.5,0.25,31.4
2025-05-25,6.4,2,6,15,2,3,3,2.5,0.75,1.25,0.5,0.5,0.25,39.9
2025-05-26,5.6,2,3,,2,6,1,6.5,1.75,1.5,0.5,2.5,0.5,23.2
2025-05-27,4.7,1,4,30,5,6,0,7.5,0.75,6,0.25,0.5,0,6.6
2025-05-28,7.1,,3,0,4,6,3,9.5,2.75,5.75,2,1.5,0.75,36.3
2025-05-29,8.1,4,5,35,1,5,1,6.25,4.25,3.75,2.75,0.75,0.5,47.6
2025-05-30,7.9,4,3,,6,5,3,9.25,0.75,1.75,0.5,1.25,0.25,31.5
2025-05-31,5.8,3,,0,3,4,0,2.75,1.25,1.25,0.5,0.25,0,25.2
2025-06-01,8,6,7,70,4,4,2,4,2.5,1.5,1,1.25,0.75,53.2
2025-06-02,8.3,7,7,0,1,6,5,8,7,1.5,1.5,4.75,3.75,66.4
2025-06-03,6.4,5,4,0,5,6,2,7.5,4,4.75,1.75,0.5,0.25,42.7
2025-06-04,6.7,5,3,25,4,5,3,7,4.75,0.75,0.5,2.25,1.5,51.9
2025-06-05,4.7,1,4,0,2,6,0,6.25,1.5,0.75,0.25,3.5,1.25,14
2025-06-06,6.9,5,7,55,6,5,3,7,4.5,2.75,1.5,0.75,0.5,45.6
2025-06-07,6.6,5,5,25,1,4,3,0,0,0,0,0,0,25.7
2025-06-08,7.7,6,8,0,1,3,0,0.75,0.5,0.25,0.25,0.25,0.25,40.6
2025-06-09,5,1,3,0,7,6,1,6.5,0.25,1.5,0.25,2.5,0,0
2025-06-10,6.7,3,1,0,6,6,0,6.75,1.25,3.25,0.5,3,0,15.6
2025-06-11,7.2,3,2,25,4,6,2,8.25,3,5.75,1.75,1,0.25,34.4
2025-06-12,5.6,2,4,0,4,6,0,8.5,0.5,3.25,0.25,2.25,0,10.6
2025-06-13,5.3,1,4,0,2,6,2,6.25,0.5,2.25,0.75,1.25,0,12
2025-06-14,5.2,1,6,45,6,4,2,3.75,0.5,1.25,0.25,1,0.25,20.2
2025-06-15,6.9,3,3,0,4,3,0,2,0.5,0.5,0.25,0,0,17.7
2025-06-16,6.3,3,5,25,7,5,3,9,2.5,4,1.25,2.5,0.5,34.5
2025-06-17,5.3,3,5,50,,6,3,8.5,3,0.75,0.25,2.75,0.25,32.9
2025-06-18,7,4,5,15,3,6,2,5.25,2.75,1.25,0.75,2.75,1.5,40.1
2025-06-19,6.4,3,4,0,1,6,3,6.75,4,1,0.5,1.5,1,48.4
2025-06-20,5.6,3,4,10,3,6,2,5.75,2.25,1.5,0.5,1.25,0.25,25.5
2025-06-21,6.8,4,5,0,0,4,2,5.5,4.5,2,1.75,2,1.25,49
2025-06-22,8.4,4,5,20,5,4,2,3.25,2,1.25,0.75,1.25,0.75,40.7
2025-06-23,7.4,6,6,0,3,6,4,5.25,3.5,3.5,2.25,1.25,0.75,51.9
2025-06-24,7,5,7,0,2,6,3,5,3.75,2.5,2,1,0.75,55.9
2025-06-25,7.6,5,4,0,6,5,3,6,3.5,0.25,0.25,3.5,1.5,53.3
2025-06-26,6.3,6,4,25,5,6,4,7.25,6.25,2.75,1.75,1.25,1,58.6
2025-06-27,7.3,8,8,20,4,5,5,7.75,6.25,4.5,3.5,2.5,2,79.8
2025-06-28,7.7,6,5,0,3,4,2,3,2.25,1.25,0.75,1,0.75,50.2
2025-06-29,,4,6,40,0,4,3,2.25,1,1.25,0.5,0.25,0,47.6
2025-06-30,7.2,6,5,20,0,6,4,4.75,3,2,1.75,1,0.75,62.9
2025-07-01,6,3,4,0,2,5,2,8.5,4.75,4.75,4,1.25,0.75,45.4
2025-07-02,7.3,,5,60,3,6,5,6.5,5.5,2.5,1.5,0.75,0.5,61.2
2025-07-03,7.5,6,5,15,4,5,5,8,6,2.75,2,2.75,2,70.6
2025-07-04,4.2,1,6,105,4,6,2,5.25,1.5,2.25,0.75,0.75,0.25,25.5
2025-07-05,8.7,7,7,50,0,3,3,5.25,4.25,1.25,1,1.75,1.5,64.3
2025-07-06,5.1,5,7,40,5,3,3,3,2.25,0.5,0.5,0.5,0.25,45.7
2025-07-07,6.9,8,7,40,3,6,6,8.5,8.5,3,3,0.5,0.5,90.2
2025-07-08,8.4,9,8,0,5,6,5,5,4.5,1.25,1.25,1.75,1.75,71.2
2025-07-09,7.3,6,7,65,3,5,2,7,6.25,3.75,3.5,1,1,78.7
2025-07-10,5.8,5,3,10,6,5,3,5.5,4.75,3.75,3.25,0.75,0.5,57.2
2025-07-11,6.1,4,6,0,1,5,1,7.75,6,1.25,1,3.5,3.5,67.2
2025-07-12,8.4,6,7,60,,4,1,5.25,3.75,0.25,0.25,2.5,1,51.4
2025-07-13,5.8,2,4,0,4,3,0,2.75,1.5,0.5,0.25,0.25,0,26.5
2025-07-14,7.9,5,8,50,0,5,4,6.25,5.25,1.5,1.5,0.75,0.5,59.9
2025-07-15,6.8,4,4,35,5,5,3,8.25,4,5.25,3,0.75,0.25,50.4
2025-07-16,6.1,6,7,0,2,5,5,8.75,7,5,4.5,0.25,0.25,67.9
2025-07-17,6.6,6,9,60,4,5,3,4.75,3.5,0.5,0.25,1.25,0.75,52.5
2025-07-18,6.3,5,6,0,7,6,3,7.75,5.5,3.75,2.5,2.25,1.25,47.9
2025-07-19,8.5,5,6,65,2,4,3,3.5,3.25,0.75,0.75,1,0.75,57.6
2025-07-20,8.4,6,6,10,2,3,1,3.5,2.75,0.75,0.5,0.5,0.25,47.5
2025-07-21,5.5,2,7,15,3,6,4,5.5,2.5,1.25,0.5,1.25,0.5,35.4
2025-07-22,6.8,7,7,0,3,6,5,8.25,6.5,2.75,2,2.5,2,77.5
2025-07-23,6.6,7,9,0,9,5,5,5.5,4,2.25,1.75,2.25,1.5,59.7
2025-07-24,8.7,9,8,0,4,6,4,6.75,6.5,2.25,2,1.5,1.25,74.7
2025-07-25,6.3,5,6,50,2,6,4,7,5.75,1.75,1.5,2.25,2,66.8
2025-07-26,9.6,4,6,0,1,4,3,1.5,1.25,1.25,1.25,0.25,0.25,42.5
2025-07-27,7.8,5,6,55,4,3,3,4,2,2.5,1.5,0.5,0.25,57.3
2025-07-28,6.1,6,,50,5,5,3,6,4.5,3.25,2.25,2,1.5,59.9
2025-07-29,6.7,5,5,0,6,5,3,7.25,6,3.75,2.75,1,0.75,62.4
2025-07-30,6.7,5,6,30,3,5,4,8.25,6.5,2.5,1.75,0.75,0.5,69.4
2025-07-31,6.2,7,7,95,7,6,1,10,8.25,2.5,1.75,3,2.25,62
2025-08-01,7.5,8,9,0,3,6,6,5,5,3.25,3.25,0.5,0.5,78.2
2025-08-02,6.9,6,7,0,2,4,2,0.5,0.5,0.25,0.25,0,0,37.6
2025-08-03,,6,4,0,5,4,3,3.75,3,0.25,0.25,1.75,1.25,51.2
2025-08-04,7.2,7,5,0,7,6,5,8.25,8,1.25,1.25,2.5,2.25,67.8
2025-08-05,5.7,5,7,45,3,5,2,5.75,4.25,3.5,2.25,2,1,59.2
2025-08-06,6.7,8,8,45,2,5,4,6,5.5,1.5,1.25,0.75,0.75,71.4
2025-08-07,5.9,4,7,0,3,5,2,6.25,3.75,3.5,2.25,0.5,0.25,44
2025-08-08,6.1,5,7,45,3,5,2,7,4.75,2,1.25,2.75,2,62.1
2025-08-09,8.6,5,5,0,4,4,1,1,0.5,0.5,0.25,0,0,15.9
2025-08-10,6.7,1,3,30,4,3,0,1.5,0,0.25,0,0.5,0,4.4
2025-08-11,6.6,4,5,0,5,5,2,7,2.25,3,0.75,0.75,0,25.5
2025-08-12,5,1,2,0,6,5,1,5.25,0.5,0.5,0,3,0,7.7
2025-08-13,5.8,1,5,0,3,6,1,8,1.25,4.25,1,1.25,0.25,20.3
2025-08-14,6.6,1,3,70,8,6,1,7,0.75,3.25,0.75,1,0,19.7
2025-08-15,5.9,2,2,0,6,5,0,8.5,2.75,4.25,1.25,1.25,0.25,19.3
2025-08-16,8.2,6,,0,2,3,3,1.5,0.75,0.25,0.25,0.5,0.25,46.7
2025-08-17,6.7,6,8,25,3,3,2,3.75,3.5,1.5,1.25,0.25,0.25,55.9
2025-08-18,6.9,6,6,20,1,6,5,7,5,2,1.75,1.25,1,65.2
2025-08-19,6.7,8,9,0,0,5,4,8.75,8.25,1.5,1.5,0.75,0.75,79.5
2025-08-20,7.6,6,5,25,3,6,5,7.25,6,2.75,2.5,0.75,0.5,64.4
2025-08-21,6.8,6,6,45,1,6,6,6.75,6.25,1,1,2.25,2.25,74.1
2025-08-22,6.9,6,6,0,2,6,5,5.75,5,1.75,1.25,1.25,1.25,63.4
2025-08-23,7.5,5,5,0,2,3,2,1,0.75,0,0,0.75,0.5,33.7
2025-08-24,,6,6,45,2,3,1,3.5,3,2,1.75,0.25,0.25,44.5
2025-08-25,7.2,3,5,20,5,5,4,6,2.5,1.75,0.75,3,1.25,41.1
2025-08-26,7,6,5,70,5,6,5,7.75,4.5,2,1.25,2.25,1.5,55.9
2025-08-27,6.6,3,4,0,5,5,0,4.5,2,1.75,0.75,1.75,0.5,29.6
2025-08-28,6.5,7,6,20,5,5,4,8.75,8.25,4.5,3.75,1.5,1.25,72.5
2025-08-29,7.7,6,5,40,4,5,4,7.75,6.25,1,0.75,4.5,3,67.8
2025-08-30,7.3,7,6,40,6,4,3,3.25,3,1.5,1.25,1,0.75,61
2025-08-31,7.2,5,5,0,2,4,3,3.5,1.75,0.5,0.25,1,0.5,43.5
2025-09-01,7.1,5,4,0,4,5,3,6.75,4.5,2.5,1.5,0.75,0.5,50.7
2025-09-02,8.6,6,7,10,4,6,5,5.5,4,0.75,0.5,0.25,0.25,55.4
2025-09-03,5.7,3,7,55,4,6,5,6.75,2.25,0.5,0.25,2.75,0.75,46.7
2025-09-04,7.4,5,6,0,3,6,3,5.75,3.75,1,0.5,1.25,0.75,51
2025-09-05,5.3,,5,60,7,6,2,7.75,1.5,1.5,0.5,3.5,1,32.1
2025-09-06,7.7,6,5,0,4,3,1,3,2,1.25,0.75,1.25,0.5,45
2025-09-07,8.7,5,5,40,3,4,3,2.5,1.75,0.5,0.25,1,0.5,43
2025-09-08,7.3,8,7,0,3,6,6,7.5,6,3.75,3,0.5,0.25,71.2
2025-09-09,7.1,5,3,10,4,6,5,8.25,6.25,2,1.75,1.5,1,59.3
2025-09-10,6.2,5,5,0,2,6,2,6.5,5,1.5,0.75,2,1.25,47.1
2025-09-11,6.8,4,6,40,6,6,3,6.5,3.25,3.75,2.25,1.75,0.75,47
2025-09-12,6.7,5,4,5,5,5,3,7.5,6,0.75,0.5,2.5,1.5,52.7
2025-09-13,6.9,4,6,0,4,4,4,4.25,3.25,1.25,0.75,1.5,0.75,46.8
2025-09-14,7.5,6,7,50,2,4,4,2,1.75,0.25,0.25,0.25,0.25,51.9
2025-09-15,7,5,3,0,5,5,3,5.5,2,2,0.5,0.75,0.25,33.4
2025-09-16,6.3,6,6,0,5,5,4,5.75,4.75,3,2,1.75,1,58.5
2025-09-17,,,4,0,6,6,3,7.75,3.5,3,1.5,1.5,0.25,42.7
2025-09-18,5.6,4,,0,3,5,2,8.25,4.5,2,0.75,2.75,1.25,38.4
2025-09-19,7.4,6,7,50,3,6,4,5.75,4.5,0.5,0.5,3.25,2.25,61
2025-09-20,8.4,9,8,0,1,4,3,3.25,3.25,1,1,0.5,0.5,69.4
2025-09-21,8.4,8,7,15,4,4,4,3,3,1.5,1.5,0.5,0.5,65.6
2025-09-22,8.5,10,9,30,2,5,5,7,7,2,1.75,1,1,84.9
2025-09-23,7.6,7,6,0,3,5,5,8.75,7.25,2.5,2.5,2.25,1.75,75.3
2025-09-24,7.8,6,7,55,3,6,5,8,7.75,2.5,2.5,1.5,1.25,80.3
2025-09-25,7.8,6,6,25,3,6,6,8,6.75,4.75,3.25,2,1.5,77.7
2025-09-26,7.4,9,8,5,6,5,4,9.5,7.5,1,0.75,3.75,2.75,71.5
2025-09-27,7.5,8,8,15,3,3,3,1.5,1.5,0.75,0.75,0.25,0.25,56
